id,name,gender,probability,count
108424,Patrick_Rothfuss,male,0.99,153288.0
656983,J_R_R_Tolkien,male,0.99,218952.0
346732,George_R_R_Martin,male,0.98,65488.0
1077326,J_K_Rowling,female,0.98,12034.0
38550,Brandon_Sanderson,male,0.99,14697.0
1069006,C_S_Lewis,male,0.98,2703.0
6252,Robert_Jordan,male,0.99,177418.0
3618,Philip_Pullman,male,0.99,21882.0
1654,Terry_Pratchett,male,0.7,20947.0
1221698,Neil_Gaiman,male,0.99,15028.0
15872,Rick_Riordan,male,0.99,16772.0
8349,Christopher_Paolini,male,0.99,53539.0
12521,William_Goldman,male,0.99,64097.0
106,Madeleine_L_Engle,female,0.98,7557.0
3706,George_Orwell,male,0.98,65488.0
7717,Richard_Adams,male,0.99,101928.0
150038,Cassandra_Clare,female,0.98,10300.0
6988,Bram_Stoker,male,0.99,3870.0
3433047,Sarah_J_Maas,female,0.98,174584.0
25307,Robin_Hobb,male,0.93,34003.0
7577,Anne_Rice,female,0.97,78727.0
34933,Jane_Carruth,female,0.97,36653.0
3617,Diana_Gabaldon,female,0.98,89820.0
1020792,Antoine_de_Saint_Exup_ry,male,0.99,38236.0
4273,Roald_Dahl,male,1.0,291.0
3389,Stephen_King,male,0.99,36980.0
1373880,Kristin_Cashore,female,0.93,6934.0
4370565,Erin_Morgenstern,female,0.77,3169.0
10896,Eoin_Colfer,male,0.98,585.0
10746,Jim_Butcher,male,0.98,26900.0
947,William_Shakespeare,male,0.99,64097.0
4489,Maurice_Sendak,male,0.98,16593.0
874602,Ursula_K_Le_Guin,female,0.98,7051.0
3242,L_Frank_Baum,male,1.0,35.0
8164,Lewis_Carroll,male,0.98,6377.0
941441,Stephenie_Meyer,female,0.99,142.0
324620,Laini_Taylor,female,0.88,32.0
4841825,Marion_Zimmer_Bradley,female,0.96,46455.0
5791,Max_Brooks,male,0.98,106688.0
13677,Gail_Carson_Levine,female,0.94,2752.0
8842,Susanna_Clarke,female,0.97,9791.0
498072,Audrey_Niffenegger,female,0.97,54814.0
3849415,Deborah_Harkness,female,0.99,33214.0
3441,Terry_Goodkind,male,0.7,20947.0
17061,Charlaine_Harris,female,0.97,241.0
8347,Garth_Nix,male,0.99,596.0
903,Homer,male,0.97,2075.0
137902,Richelle_Mead,female,0.98,984.0
4260,Diana_Wynne_Jones,female,0.98,89820.0
214,Norton_Juster,male,0.96,300.0
3046613,Ransom_Riggs,male,0.95,75.0
15873,Cornelia_Funke,female,0.98,7223.0
73149,Scott_Lynch,male,0.99,31815.0
68537,Eric_Rohmann,male,0.99,135071.0
137553,William_Joyce,male,0.99,64097.0
45230,Tove_Jansson,female,0.98,1048.0
2749983,Noah_J_Goldstein,male,0.88,3939.0
13898,P_D_Eastman,male,0.99,21882.0
4785,Alexandre_Dumas,male,0.99,61354.0
68394,Justin_Richardson,male,0.98,29577.0
6861265,Arnaldur_Indri_ason,male,1.0,2.0
608087,Nick_Bostrom,male,0.98,46290.0
6378,Hans_Christian_Andersen,male,0.97,37182.0
3161,Sandra_Boynton,female,0.98,266121.0
13957,Scott_Westerfeld,male,0.99,31815.0
8596,Tamora_Pierce,male,0.71,17.0
3524,Joyce_Carol_Oates,female,0.96,16082.0
57241,Emily_Arnold_McCully,female,0.98,16379.0
17452454,P_D_James,female,0.97,1067.0
44174,Robert_Kraus,male,0.99,177418.0
26306,Natsuki_Takaya,female,0.8,410.0
578,Mary_Pope_Osborne,female,0.99,142684.0
123715,Agatha_Christie,female,0.98,2436.0
13557729,Daniel_Abraham,male,0.99,317409.0
68959,Gene_Luen_Yang,male,0.63,2886.0
13891,Rosalind_Miles,female,0.98,331.0
24514,Brian_K_Vaughan,male,0.99,51483.0
63111,Madeleine_K_Albright,female,0.98,7557.0
13199,Alain_de_Botton,male,0.99,76390.0
18015,Joss_Whedon,male,0.81,2813.0
7906,Rainer_Maria_Rilke,male,0.99,7008.0
22339,Henning_Mankell,male,0.99,3049.0
5548,Simone_de_Beauvoir,male,0.75,86110.0
8166,Lawrence_Durrell,male,0.98,8119.0
40563,Patricia_Briggs,female,0.98,132232.0
74263,John_Rawls,male,0.99,218952.0
38266,Selma_Lagerl_f,female,0.97,15438.0
11921,Rafe_Martin,male,0.96,189.0
9834164,Henepola_Gunaratana,,0.0,0.0
1563,Steven_Johnson,male,0.99,61542.0
51185,Philip_E_Tetlock,male,0.99,21882.0
439887,Kieron_Gillen,male,0.99,704.0
83714,Matthew_Reilly,male,1.0,35521.0
14053,Simon_Winchester,male,0.98,71276.0
57462,Eva_Ibbotson,female,0.98,135031.0
16,Edith_Wharton,female,0.98,12157.0
1377,Raymond_Chandler,male,0.99,21679.0
57952,Jim_Krueger,male,0.98,26900.0
104015,Barbara_Pym,female,0.98,94709.0
8794,Charles_Stross,male,0.99,49331.0
14056321,Nick_Drnaso,male,0.98,46290.0
2917917,N_K_Jemisin,female,0.97,21072.0
11315,Evelyn_Waugh,female,0.98,12188.0
7973,Eudora_Welty,female,0.96,46.0
19748106,Aaron_Reynolds,male,0.99,24633.0
4280,Kazuo_Ishiguro,male,0.99,513.0
21050,Chang_rae_Lee,male,0.85,3059.0
6583169,Emily_Croy_Barker,female,0.98,16379.0
17505,Samuel_Richardson,male,0.99,59464.0
13867,Roger_Lancelyn_Green,male,0.98,38190.0
4391,Saul_Bellow,male,0.98,5201.0
12444,Bill_Willingham,male,0.97,15510.0
463,Philip_Roth,male,0.99,21882.0
15811,Rebecca_Solnit,female,0.98,36835.0
410680,Ivan_Turgenev,male,0.99,117756.0
243930,Timothy_Snyder,male,0.99,13105.0
16587,Kelly_Sue_DeConnick,female,0.87,40778.0
457,Anne_Tyler,female,0.97,78727.0
435477,Shel_Silverstein,female,0.78,169.0
2001717,Daphne_du_Maurier,female,0.98,3275.0
12627,Laurie_Garrett,female,0.95,11304.0
6572837,Rachel_Bach,female,0.98,28052.0
204893,Cordelia_Fine,female,0.98,379.0
12581,Cory_Doctorow,male,0.77,3711.0
297006,Boles_aw_Prus,male,1.0,10.0
12424,Brian_Michael_Bendis,male,0.99,51483.0
65730,David_Kushner,male,0.99,501011.0
70026,Scott_Snyder,male,0.99,31815.0
4533716,Eliezer_Yudkowsky,male,0.96,818.0
880695,H_G_Wells,male,0.98,6675.0
2958084,Kristen_Ashley,female,0.85,1525.0
1025097,Patricia_Cornwell,female,0.98,132232.0
97313,Elizabeth_Strout,female,0.99,31288.0
5544,Frank_E_Peretti,male,0.99,82391.0
4018722,Beth_Revis,female,0.97,4286.0
2994581,_,,0.0,0.0
2821144,Ellen_Hopkins,female,0.98,11562.0
200317,Alyson_Noel,female,0.93,1339.0
625,Nora_Roberts,female,0.97,21072.0
2261547,Rachel_Hawkins,female,0.98,28052.0
4187,Primo_Levi,male,0.98,1657.0
4887264,Nicole_Williams,female,0.98,102075.0
628636,Jenny_Downham,female,0.98,74278.0
58,Frank_Herbert,male,0.99,82391.0
1633682,_,,0.0,0.0
4872191,Abbi_Glines,female,0.6,349.0
28525,Washington_Irving,male,0.97,828.0
3098,Mark_Bowden,male,0.99,119313.0
2929,Nick_Hornby,male,0.98,46290.0
153697,Ben_Sherwood,male,0.95,77991.0
767317,Aimee_Carter,female,0.97,2868.0
11654,Meg_Cabot,female,0.93,3088.0
3541,Barbara_Kingsolver,female,0.98,94709.0
9550,Laurell_K_Hamilton,female,0.83,12.0
3780,James_Patterson,male,0.99,117309.0
3097905,Colleen_Houck,female,0.97,1577.0
5934418,Monica_Murphy,female,0.99,81357.0
157663,Angie_Sage,female,0.98,19094.0
48192,Gena_Showalter,male,0.52,1389.0
8732,David_Eddings,male,0.99,501011.0
16218,Christopher_Moore,male,0.99,53539.0
6268,Christine_Feehan,female,0.99,91004.0
26417,Karen_Russell,female,0.95,48557.0
6887119,Vi_Keeland,female,0.79,3172.0
3472,Margaret_Atwood,female,0.99,17172.0
4820,Jeffrey_Archer,male,0.99,22034.0
4476934,Jennifer_L_Armentrout,female,0.98,90255.0
2384,Janet_Evanovich,female,0.98,15602.0
44037,Vernor_Vinge,male,1.0,2.0
409113,Katherine_Center,female,0.98,8451.0
15538,Mikhail_Lermontov,male,0.99,3514.0
239579,Charles_Dickens,male,0.99,49331.0
4154802,C_C_Hunter,female,0.93,1637.0
17065,J_D_Robb,female,0.97,21072.0
13369,Betty_MacDonald,female,0.99,31159.0
3275,Jeannette_Walls,female,0.98,4618.0
4428,Kresley_Cole,male,1.0,1.0
1353301,V_C_Andrews,female,0.89,2689.0
8249,Anne_Bront_,female,0.97,78727.0
221559,Jeff_Kinney,male,0.99,32948.0
32590,Anthony_Horowitz,male,0.99,98251.0
19697,Robin_Cook,male,0.93,34003.0
6454131,Tara_Conklin,female,0.92,6410.0
26250,Patricia_McCormick,female,0.98,132232.0
5869,Erik_Larson,male,0.99,36091.0
6538289,David_Mitchell,male,0.99,501011.0
4941,Brian_Sibley,male,0.99,51483.0
5027236,Kasie_West,female,0.77,66.0
9068,Sidney_Sheldon,male,0.79,2861.0
12470,Michael_Connelly,male,0.99,245870.0
6572605,Taylor_Jenkins_Reid,male,0.72,3370.0
3960446,Irin_Carmon,female,0.79,1718.0
194243,Louise_Penny,female,0.97,23447.0
3153776,Mira_Grant,female,0.75,16295.0
4176632,W_Somerset_Maugham,male,0.99,64097.0
588356,Nnedi_Okorafor,female,1.0,4.0
713466,Tim_Marshall,male,0.99,47038.0
3246397,Jean_Kwok,male,0.95,196185.0
4415,Candace_Bushnell,female,0.98,422.0
2778471,Hillary_Rodham_Clinton,female,0.55,1198.0
74640,Jacqueline_Woodson,female,0.98,29511.0
15292,Rachel_Caine,female,0.98,28052.0
1141204,Heather_Cocks,female,0.98,6049.0
14032,Connie_Willis,female,0.96,4087.0
3535,William_Faulkner,male,0.99,64097.0
68992,Ali_Smith,male,0.95,319583.0
17319381,Christina_Dalcher,female,0.98,35006.0
10885,Edgar_Rice_Burroughs,male,0.99,16632.0
61105,Dr_Seuss,male,0.92,9291.0
5350,L_M_Montgomery,female,0.97,24812.0
7581,Kelley_Armstrong,female,0.8,483.0
1067608,Peter_S_Beagle,male,0.99,165452.0
7770873,Sabaa_Tahir,female,0.75,60.0
4575289,Leigh_Bardugo,male,0.5,2515.0
4039811,Veronica_Roth,female,0.99,69016.0
153394,Suzanne_Collins,female,0.98,9856.0
363130,Ben_Aaronovitch,male,0.95,77991.0
21911,Melissa_de_la_Cruz,female,0.99,63975.0
13663,Kate_DiCamillo,female,0.98,38791.0
169377,Seth_Grahame_Smith,male,0.98,4054.0
6412,Robert_C_O_Brien,male,0.99,177418.0
2493,Lois_Lowry,female,0.58,2510.0
20248,J_R_Ward,female,0.98,144795.0
426944,T_H_White,male,0.99,3392.0
11139,Mary_Wollstonecraft_Shelley,female,0.99,142684.0
589,Orson_Scott_Card,male,0.98,160.0
348878,James_Dashner,male,0.99,117309.0
76360,Matt_Haig,male,0.99,38275.0
176372,Madeline_Miller,female,0.98,1847.0
3565,Oscar_Wilde,male,0.99,69174.0
2987125,Kiera_Cass,female,0.96,249.0
2905297,Lauren_Kate,female,0.9,8924.0
2895706,Kami_Garcia,male,0.55,3667.0
1630,Ray_Bradbury,male,0.94,18330.0
17015,P_C_Cast,female,0.97,1067.0
36746,Lemony_Snicket,female,0.59,17.0
29535,Octavia_E_Butler,female,0.95,492.0
3380908,Pittacus_Lore,,0.0,0.0
6914204,Robin_LaFevers,male,0.93,34003.0
1330292,Maggie_Stiefvater,female,0.98,6326.0
6474348,Pierce_Brown,male,0.95,255.0
3354,Haruki_Murakami,male,0.97,203.0
13450,Gabriel_Garc_a_M_rquez,male,0.98,52559.0
4,Douglas_Adams,male,0.99,9529.0
3290920,Cynthia_Hand,female,0.99,31660.0
370361,Patrick_Ness,male,0.99,153288.0
11664,David_Levithan,male,0.99,501011.0
4637539,Tahereh_Mafi,female,0.99,104.0
4823432,Eowyn_Ivey,female,0.99,87.0
1304470,Ally_Condie,female,0.6,3871.0
45315,Justin_Cronin,male,0.98,29577.0
2687,Dan_Simmons,male,0.95,55986.0
5223,Franz_Kafka,male,0.97,11677.0
4088550,Silvia_Moreno_Garcia,female,0.99,120107.0
6872556,P_L_Travers,female,0.98,31042.0
2876763,Becca_Fitzpatrick,female,0.97,1691.0
3843,Kenneth_Grahame,male,0.98,20666.0
1599723,Michael_Grant,male,0.99,245870.0
5073330,T_J_Klune,male,0.99,5870.0
17999118,Shelby_Mahurin,female,0.68,702.0
48206,Karen_Marie_Moning,female,0.95,48557.0
2995873,Julie_Kagawa,female,0.98,116926.0
2960227,Robin_Sloan,male,0.93,34003.0
38569,Andrzej_Sapkowski,male,0.99,40041.0
4684322,Marissa_Meyer,female,0.97,6353.0
1238111,Marie_Rutkoski,female,0.98,229433.0
4086715,Kendare_Blake,,0.0,0.0
79589,Alex_Flinn,male,0.9,411319.0
815,Carlos_Ruiz_Zaf_n,male,0.99,236888.0
6540057,Andy_Weir,male,0.92,66103.0
16667,Isaac_Asimov,male,0.98,18722.0
3487,Aldous_Huxley,male,0.98,82.0
31712,Ernest_Cline,male,0.98,9066.0
2778055,Kurt_Vonnegut_Jr_,male,0.98,11876.0
4763,John_Scalzi,male,0.99,218952.0
11072,Daniel_Keyes,male,0.99,317409.0
4764,Philip_K_Dick,male,0.99,21882.0
12476,Joe_Haldeman,male,0.95,58829.0
7779,Arthur_C_Clarke,male,0.99,20587.0
205,Robert_A_Heinlein,male,0.99,177418.0
5194,Michael_Crichton,male,0.99,245870.0
9226,William_Gibson,male,0.99,64097.0
545,Neal_Stephenson,male,0.99,1772.0
696805,Jules_Verne,male,0.89,15187.0
5735,Anthony_Burgess,male,0.99,98251.0
4178,Cormac_McCarthy,male,1.0,209.0
3961,Alan_Moore,male,0.99,39948.0
26,Anne_McCaffrey,female,0.97,78727.0
10538,Carl_Sagan,male,0.98,17561.0
4432,Jasper_Fforde,male,0.98,4197.0
3064305,Hugh_Howey,male,0.98,2212.0
2786093,Emily_St_John_Mandel,female,0.98,16379.0
8726,Richard_Matheson,male,0.99,101928.0
4192148,James_S_A_Corey,male,0.99,117309.0
19564,Neal_Shusterman,male,0.99,1772.0
442240,Blake_Crouch,male,0.96,2426.0
2347,Jeanne_DuPrau,female,0.97,11311.0
4342215,Marie_Lu,female,0.98,229433.0
1285555,Jos_Saramago,male,0.97,67927.0
854076,Robert_Louis_Stevenson,male,0.99,177418.0
1362939,Bruce_Campbell,male,0.98,10698.0
70762,Hugh_Lofting,male,0.98,2212.0
3001246,Yoon_Ha_Lee,male,0.57,1680.0
16319,Suetonius,,0.0,0.0
2290725,Jeff_Sutherland,male,0.99,32948.0
77098,Raymond_Briggs,male,0.99,21679.0
17350,Andrea_Camilleri,male,0.62,302977.0
6906496,Brandon_Stanton,male,0.99,14697.0
6172406,Charles_Graeber,male,0.99,49331.0
64039,Paul_O_Zelinsky,male,0.99,148099.0
17623,D_H_Lawrence,male,0.99,501011.0
12447,Arnold_Lobel,male,0.99,9187.0
36070,Donald_Crews,male,0.98,12059.0
13787449,Olivia_Dade,female,0.97,22095.0
12589696,Laura_Barnett,female,0.98,288403.0
3510823,Walt_Disney_Company,male,0.98,471.0
1169504,A_S_Byatt,female,0.98,18904.0
2131,Mem_Fox,male,0.61,707.0
2802356,Herg_,male,0.92,25.0
18444,Paul_Galdone,male,0.99,148099.0
1413437,Elizabeth_Gaskell,female,0.99,31288.0
7419,John_Galsworthy,male,0.99,218952.0
314443,Rosalie_Ham,female,0.98,3520.0
7757102,_douard_Louis,,0.0,0.0
2147,Ivo_Andri_,male,0.98,12873.0
9399,Jeanette_Winterson,female,0.98,8016.0
12806,Hannah_Arendt,female,0.97,13198.0
91236,Maggie_O_Farrell,female,0.98,6326.0
3989,V_S_Naipaul,,0.0,0.0
20838,Jane_Gardam,female,0.97,36653.0
8170,William_Boyd,male,0.99,64097.0
3222,Penelope_Fitzgerald,female,0.98,3904.0
2003542,Marguerite_de_Angeli,female,0.97,2391.0
18704,Charles_Wheelan,male,0.99,49331.0
1218,Jon_Ronson,male,0.98,29554.0
4610,John_Sandford,male,0.99,218952.0
29837,Moli_re,female,0.6,597.0
12577,Douglas_Preston,male,0.99,9529.0
15686,Jean_Racine,male,0.95,196185.0
2622328,Maria_Augusta_von_Trapp,female,0.98,334287.0
5152,Vladimir_Nabokov,male,0.99,24429.0
41616,Friedrich_D_rrenmatt,male,0.98,1473.0
7849,Richard_Ford,male,0.99,101928.0
131,Charles_Todd,male,0.99,49331.0
5209,Annie_Dillard,female,0.98,28150.0
7825,Ruth_Ozeki,female,0.98,28718.0
6251,Julie_Garwood,female,0.98,116926.0
9291,David_Baldacci,male,0.99,501011.0
51204,Alastair_Reynolds,male,0.99,745.0
9657,Richard_Wright,male,0.99,101928.0
12772,Warren_Ellis,male,0.99,4479.0
19405,Thomas_Mann,male,0.99,176440.0
107761,Eric_Wilson,male,0.99,135071.0
33794,Jenny_Offill,female,0.98,74278.0
53,Heidi_Murkoff,female,0.97,15937.0
445303,Maria_V_Snyder,female,0.98,334287.0
6476625,Kylie_Scott,female,0.95,1280.0
9212,Jennifer_Weiner,female,0.98,90255.0
3034502,Douglas_R_Hofstadter,male,0.99,9529.0
8734,Dorothy_L_Sayers,female,0.99,11523.0
4103366,Lauren_DeStefano,female,0.9,8924.0
3058,Augusten_Burroughs,male,1.0,4.0
8546820,Emily_Bleeker,female,0.98,16379.0
47672,Trenton_Lee_Stewart,male,1.0,141.0
88301,Elin_Hilderbrand,female,0.94,5026.0
65189,Louise_Rennison,female,0.97,23447.0
14126306,Matthew_FitzSimmons,male,1.0,35521.0
713,Lisa_See,female,0.98,102796.0
1791,Seth_Godin,male,0.98,4054.0
4279785,Wendy_Higgins,female,0.97,25729.0
93970,Sara_Shepard,female,0.98,244324.0
247642,Charles_Belfoure,male,0.99,49331.0
18282,Lisa_Gardner,female,0.98,102796.0
5410816,Tarryn_Fisher,female,0.98,169.0
1483,Joseph_J_Ellis,male,0.99,60259.0
153734,Ellen_Schreiber,female,0.98,11562.0
57239,Alyson_Richman,female,0.93,1339.0
4971535,Kristen_Callihan,female,0.85,1525.0
4464118,Jamie_McGuire,male,0.81,19333.0
3162181,_,,0.0,0.0
3368,Audrey_Wood,female,0.97,54814.0
38954,Shaun_Tan,male,0.99,9813.0
2830569,Karuho_Shiina,,0.0,0.0
2088,Kimon_Nicolaides,male,0.95,137.0
53259,Stella_Gibbons,female,0.98,39506.0
25334,Sarah_Waters,female,0.98,174584.0
31428,Kiran_Desai,male,0.68,3266.0
1238,Nelson_DeMille,male,0.98,24495.0
125308,Cinda_Williams_Chima,female,0.95,192.0
3036304,Caragh_M_O_Brien,female,1.0,18.0
3222554,Jonas_Jonasson,male,0.99,25038.0
6459302,J_Kenner,female,0.98,116926.0
3892,Tom_Clancy,male,0.99,126230.0
7097332,Emerson_Eggerichs,male,0.99,2206.0
9585077,Sejal_Badani,female,0.95,63.0
149883,Andrew_Davidson,male,0.99,60301.0
20105,Joseph_Campbell,male,0.99,60259.0
17216,Peter_Lerangis,male,0.99,165452.0
699143,J_Lynn,female,0.98,90255.0
84719,Robert_Lopshire,male,0.99,177418.0
4258,Lawrence_Wright,male,0.98,8119.0
575,Robert_Harris,male,0.99,177418.0
5329,Brian_Jacques,male,0.99,51483.0
14577,Jen_Lancaster,female,0.79,9260.0
13522695,A_J_Banner,female,0.97,78727.0
26513,Richard_Lancelyn_Green,male,0.99,101928.0
1402383,Elizabeth_George,female,0.99,31288.0
1544,Lance_Armstrong,male,0.99,3219.0
2546,Chuck_Palahniuk,male,0.98,2643.0
21574,Charles_Burns,male,0.99,49331.0
970554,Ingrid_Law,female,0.98,26843.0
25375,Peter_F_Hamilton,male,0.99,165452.0
396165,Anna_Burns,female,0.98,383713.0
18002228,Sally_Thorne,female,0.95,12510.0
47104,Melina_Marchetta,female,0.96,8835.0
24824,Jon_Stone,male,0.98,29554.0
4012,Wilkie_Collins,male,0.79,34.0
56700,Crockett_Johnson,male,0.92,37.0
6989,Rudyard_Kipling,male,1.0,32.0
173,George_Eliot,male,0.98,65488.0
12452,Aesop,male,0.89,9.0
1113469,Hermann_Hesse,male,0.98,6231.0
36714,Frederick_Forsyth,male,0.99,5190.0
15905,Thomas_Hardy,male,0.99,176440.0
3953,William_Makepeace_Thackeray,male,0.99,64097.0
13778,Bill_Watterson,male,0.97,15510.0
16494,Sebastian_Junger,male,0.99,81792.0
3539,Rohinton_Mistry,male,1.0,6.0
2121,Michael_Pollan,male,0.99,245870.0
967839,H_A_Rey,male,0.97,37182.0
881203,Willa_Cather,female,0.76,168.0
7549,Elizabeth_George_Speare,female,0.99,31288.0
1002,Sophocles,male,1.0,11.0
1432,Michael_Cunningham,male,0.99,245870.0
3190,F_Scott_Fitzgerald,male,0.94,38777.0
5144,James_Joyce,male,0.99,117309.0
59542,Peter_Benchley,male,0.99,165452.0
8050,Ira_Levin,female,0.92,6844.0
5272674,Jenny_Lawson,female,0.98,74278.0
585,John_Steinbeck,male,0.99,218952.0
988142,E_B_White,male,0.92,50.0
5300,Laura_Ingalls_Wilder,female,0.98,288403.0
10289,Dennis_Lehane,male,0.99,61118.0
8885,George_Saunders,male,0.98,65488.0
2522,Zadie_Smith,female,1.0,6.0
29671,Ezra_Jack_Keats,male,0.75,885.0
7751,Tennessee_Williams,male,0.51,78.0
2893961,Emmuska_Orczy,female,1.0,1.0
10003,Laurie_Halse_Anderson,female,0.95,11304.0
6238,Marjane_Satrapi,female,0.84,68.0
9876,John_Milton,male,0.99,218952.0
13234,Sandra_Cisneros,female,0.98,266121.0
13388,Shirley_Jackson,female,0.99,18371.0
7084,Karl_Marx,male,0.98,20591.0
5246,Amy_Tan,female,0.97,31233.0
18062,James_Herriot,male,0.99,117309.0
615274,Kate_Morton,female,0.98,38791.0
211268,Geraldine_Brooks,female,0.98,9148.0
7275,Helen_Keller,female,0.98,32058.0
21982,Alison_Bechdel,female,0.98,25555.0
688,George_S_Clason,male,0.98,65488.0
2448,Arthur_Conan_Doyle,male,0.99,20587.0
120401,David_Benioff,male,0.99,501011.0
7111,Walter_Isaacson,male,0.99,30023.0
2749,Scott_Turow,male,0.99,31815.0
9785,Andre_Dubus_III,male,0.95,64369.0
1244,Mark_Twain,male,0.99,119313.0
17212,Marcus_Aurelius,male,0.99,28005.0
3447,Ken_Follett,male,0.98,20992.0
64709,Clement_C_Moore,male,0.98,13546.0
6518370,Whitney_G_,female,0.9,1186.0
696372,Alexandra_Adornetto,female,0.98,122985.0
71438,Joyce_Maynard,female,0.96,16082.0
2508,Claire_Messud,female,0.97,42044.0
7231634,Bruce_Holsinger,male,0.98,10698.0
6765,Virginia_Woolf,female,0.99,36136.0
835348,Ann_Aguirre,female,0.97,28026.0
17039266,Kate_Clayborn,female,0.98,38791.0
164153,Hisaya_Nakajo,male,0.96,27.0
6446604,Gina_L_Maxwell,female,0.98,22233.0
6587,Tad_Williams,male,0.92,421.0
113561,Osamu_Dazai,male,1.0,699.0
6574132,R_K_Lilley,female,0.98,36835.0
71688,Nalini_Singh,female,0.94,242.0
990,Aeschylus,male,1.0,2.0
150484,Barry_Lyga,male,0.97,12863.0
276660,Joe_Abercrombie,male,0.95,58829.0
4849669,Fisher_Amelie,male,0.92,329.0
4167378,Samantha_Young,female,0.98,31152.0
2526,Libba_Bray,male,1.0,3.0
7136914,Ann_Patchett,female,0.97,28026.0
566,Paulo_Coelho,male,0.99,61515.0
514824,Julia_Hoban,female,0.97,106666.0
9464,Haven_Kimmel,male,0.73,98.0
12915,Jane_Green,female,0.97,36653.0
7742,Keri_Arthur,female,0.79,734.0
52989,Julie_Anne_Peters,female,0.98,116926.0
6104,Marian_Keyes,male,0.62,32263.0
978484,Lisa_Genova,female,0.98,102796.0
6452601,Tracy_Brogan,female,0.92,13353.0
6983012,Belle_Aurora,female,0.95,6202.0
6994378,Mia_Sheridan,female,0.96,19266.0
22414,Richard_Peck,male,0.99,101928.0
375143,Larissa_Ione,female,0.98,10179.0
2995577,Helen_Simonson,female,0.98,32058.0
9559,Sue_Grafton,female,0.97,12000.0
4430,Sherrilyn_Kenyon,female,1.0,16.0
132350,Joy_Adamson,female,0.84,20740.0
2740668,Dan_Wells,male,0.95,55986.0
7308,Susan_Cooper,female,0.98,32184.0
1023510,R_A_Salvatore,male,0.99,177418.0
19954,Christopher_Pike,male,0.99,53539.0
54493,Kristin_Hannah,female,0.93,6934.0
437652,Chris_Pavone,male,0.9,156083.0
10017,Sigmund_Freud,male,0.97,269.0
6546441,Katie_Ashley,female,0.98,10320.0
316,Alice_Sebold,female,0.98,68971.0
2875124,Heather_Gudenkauf,female,0.98,6049.0
38066,Karen_Chance,female,0.95,48557.0
5989,Jane_Yolen,female,0.97,36653.0
2987,Sarah_Dessen,female,0.98,174584.0
16215,Ruth_Stiles_Gannett,female,0.98,28718.0
5773,Tim_Burton,male,0.99,47038.0
291620,Steven_Galloway,male,0.99,61542.0
4090011,S_C_Gwynne,male,0.99,59464.0
33467,Jonathan_Stroud,male,0.99,87986.0
2192,Aristotle,male,1.0,208.0
7139136,Penelope_Douglas,female,0.98,3904.0
8475681,Erika_Swyler,female,0.99,55612.0
65913,Wallace_D_Wattles,male,0.98,1467.0
2533,Graham_Greene,male,0.99,8693.0
14972725,Steven_Rowley,male,0.99,61542.0
285217,Johann_Wolfgang_von_Goethe,male,0.99,10448.0
6548349,Natasha_Preston,female,0.98,17678.0
14473,James_M_Cain,male,0.99,117309.0
72887,Camilla_L_ckberg,female,0.98,13635.0
9355,Dean_Koontz,male,0.98,13192.0
14989,Vince_Flynn,male,0.98,14663.0
34863,Brynne_Stephens,female,0.83,6.0
27,Zilpha_Keatley_Snyder,female,1.0,5.0
47499,Paullina_Simons,female,1.0,20.0
879,Plato,male,0.96,96.0
248844,Richard_Paige,male,0.99,101928.0
62263,Kathleen_Tessaro,female,0.98,8685.0
11164,Theodore_Taylor,male,0.98,2116.0
3490,Lauren_Weisberger,female,0.9,8924.0
22694,Flannery_O_Connor,female,0.75,4.0
9432,Joanne_Harris,female,0.98,12034.0
221253,Cherie_Priest,female,0.97,1279.0
4906445,H_W_Janson,male,0.98,5040.0
23821,Eleanor_Estes,female,0.98,2356.0
23511,Rita_Mae_Brown,female,0.98,59990.0
6001,Carolyn_Keene,female,0.98,2993.0
46742,Brother_Andrew,male,0.96,281.0
31232,Steven_Erikson,male,0.99,61542.0
3365457,Ann_Leckie,female,0.97,28026.0
27847,Lisa_Kleypas,female,0.98,102796.0
16807,Bryan_Lee_O_Malley,male,0.99,22678.0
262262,Felix_Salten,male,0.98,35608.0
345630,Carrie_Jones,female,0.97,3181.0
22504,Joanna_Cole,female,0.98,72381.0
1152263,Michelle_Leighton,female,0.98,66334.0
7801879,Charlie_N_Holmberg,male,0.81,17826.0
481146,John_Gardner,male,0.99,218952.0
7625163,Tim_LaHaye,male,0.99,47038.0
12736,Mark_Millar,male,0.99,119313.0
16104262,Lew_Wallace,male,0.81,454.0
5414,Patricia_Reilly_Giff,female,0.98,132232.0
373395,Dawn_J_Ranck,female,0.95,6743.0
201369,Robert_Masello,male,0.99,177418.0
3390621,Leila_Sales,female,0.99,42402.0
35345,Michael_Moss,male,0.99,245870.0
4864634,C_J_Redwine,female,0.98,35006.0
15417864,Emily_R_King,female,0.98,16379.0
9629,Terry_Brooks,male,0.7,20947.0
6581091,Kelly_Elliott,female,0.87,40778.0
869,Margaret_Weis,female,0.99,17172.0
119121,Conn_Iggulden,male,0.81,67.0
21748,Ilona_Andrews,female,0.99,29528.0
66186,Harry_Allard,male,0.98,24264.0
3489,Rebecca_Wells,female,0.98,36835.0
4851199,Tijan,male,0.97,101.0
437669,A_N_Roquelaure,female,0.97,78727.0
8588,Raymond_E_Feist,male,0.99,21679.0
88506,Joe_Hill,male,0.95,58829.0
4000,Pat_Barker,male,0.67,26734.0
2238,Isabel_Allende,female,0.98,60396.0
13807841,Max_Porter,male,0.98,106688.0
4649,Plum_Sykes,female,0.55,127.0
3078,Atul_Gawande,male,0.99,1337.0
6785,Giles_Andreae,male,0.98,592.0
4951964,Shelly_Crane,female,0.96,2748.0
27498,Erin_Hunter,female,0.77,3169.0
13078,Kingsley_Amis,male,0.99,5198.0
3162,Doreen_Cronin,female,0.97,6429.0
21387,Mary_Kay_Andrews,female,0.99,142684.0
1260,Michel_Foucault,male,0.97,93795.0
61561,Pam_Adams,female,0.93,5958.0
74046,D_J_MacHale,male,0.98,12059.0
3379564,Alice_Clayton,female,0.98,68971.0
29085,Daniel_Silva,male,0.99,317409.0
7363,Raymond_Carver,male,0.99,21679.0
3251696,Kelly_McGonigal,female,0.87,40778.0
6633,Sigrid_Nunez,female,0.97,2606.0
4601855,Jessica_Sorensen,female,0.98,144795.0
66631,Marisa_de_los_Santos,female,0.98,25702.0
3371,Dave_Eggers,male,0.99,47377.0
7010931,J_G_Ballard,male,0.99,117309.0
410653,Astrid_Lindgren,female,0.97,12499.0
5293,Robert_Ludlum,male,0.99,177418.0
17272,Kohta_Hirano,male,1.0,33.0
2059918,Michael_Rosen,male,0.99,245870.0
24689,Harlan_Coben,male,0.97,196.0
7773619,Shin_Kyung_sook,male,0.75,2771.0
179712,Chris_d_Lacey,male,0.9,156083.0
3509,Chris_Bohjalian,male,0.9,156083.0
1858,Kim_Stanley_Robinson,female,0.56,51609.0
303859,Justine_Korman_Fontes,female,0.95,25925.0
33274,Mo_Willems,male,0.8,8929.0
27621,Carolyn_Mackler,female,0.98,2993.0
34893,Amy_Stewart,female,0.97,31233.0
26372,Kathy_Reichs,female,0.98,11449.0
17054,Kim_Harrison,female,0.56,51609.0
7844,Richard_Russo,male,0.99,101928.0
3393956,Nicky_Charles,female,0.59,11708.0
432,Ayn_Rand,female,0.75,155.0
2130,Gordon_Korman,male,0.99,6411.0
80808,Helen_Oyeyemi,female,0.98,32058.0
73977,Lisa_Renee_Jones,female,0.98,102796.0
963811,A_J_Jacobs,male,0.99,9187.0
19879,Stephen_Crane,male,0.99,36980.0
2755160,Kimberly_Derting,female,0.99,17328.0
3486415,Amanda_Hocking,female,0.98,49026.0
220718,Diane_Muldrow,female,0.97,15367.0
1562974,Katie_Alender,female,0.98,10320.0
10547,E_E_Cummings,male,0.99,22248.0
117884,Eric_Shanower,male,0.99,135071.0
6888697,J_B_Salsbury,female,0.98,144795.0
4519463,Kyousuke_Motomi,male,1.0,51.0
31122,Rick_Bragg,male,0.99,16772.0
3532,Maeve_Binchy,female,0.96,214.0
6555784,Jim_Gaffigan,male,0.98,26900.0
183005,Jordan_Sonnenblick,male,0.97,30440.0
28558,Verna_Aardema,female,0.91,428.0
647438,Andrea_Hirata,male,0.62,302977.0
466,Jon_Stewart,male,0.98,29554.0
11785,Stormie_Omartian,female,0.77,13.0
13275,Charles_Bukowski,male,0.99,49331.0
19439,Stephen_Briggs,male,0.99,36980.0
605364,Al_Dempster,male,0.87,18287.0
203238,Jennifer_Echols,female,0.98,90255.0
7025,Gregory_Maguire,male,0.99,25701.0
2965489,Jennifer_Probst,female,0.98,90255.0
11094,Al_Perkins,male,0.87,18287.0
3525,Edwidge_Danticat,female,0.86,21.0
4387,John_Saul,male,0.99,218952.0
2921547,Heidi_W_Durrow,female,0.97,15937.0
51484,Paul_Zindel,male,0.99,148099.0
4134859,Jessica_Shirvington,female,0.98,144795.0
12425,Robert_Kirkman,male,0.99,177418.0
6434584,Mhairi_McFarlane,female,0.99,162.0
6089757,Sandi_Lynn,female,0.51,2349.0
10366,Clive_Barker,male,0.98,2703.0
6556689,Christina_Lauren,female,0.98,35006.0
4500546,Foundation_for_Inner_Peace,male,0.8,5.0
33918,China_Mi_ville,female,0.6,913.0
311098,Katsura_Hoshino,female,0.52,60.0
25619,Henryk_Sienkiewicz,male,0.99,3313.0
50873,L_J_Smith,female,0.98,102796.0
8476,CLAMP,male,0.83,6.0
61015,Christos_Tsiolkas,male,0.99,5611.0
454774,F_bio_Moon,male,0.99,113500.0
5416410,A_Meredith_Walters,female,0.98,383713.0
146374,Joseph_Delaney,male,0.99,60259.0
3151093,Richard_C_Morais,male,0.99,101928.0
4197193,Sarah_Winman,female,0.98,174584.0
7126313,William_Davis,male,0.99,64097.0
21625,Lilian_Jackson_Braun,female,0.73,11025.0
7829666,Matthew_Thomas,male,1.0,35521.0
4314,Josh_McDowell,male,0.99,17918.0
978703,Kathleen_Kent,female,0.98,8685.0
63898,Julia_Quinn,female,0.97,106666.0
3362,Eric_Carle,male,0.99,135071.0
1011,Aristophanes,male,1.0,6.0
3267859,Jennifer_A_Nielsen,female,0.98,90255.0
43784,Lian_Hearn,female,0.62,1380.0
4927506,Beatriz_Williams,female,0.99,27836.0
47072,John_Hart,male,0.99,218952.0
2951738,Noel_Streatfeild,male,0.93,12563.0
159038,A_L_Singer,,0.0,0.0
6404,Jonathan_Lethem,male,0.99,87986.0
3020048,Karl_Ove_Knausg_rd,male,0.98,20591.0
2891665,Gail_Carriger,female,0.94,2752.0
2891503,Bree_Despain,female,0.9,384.0
1041311,Ren_Goscinny,male,0.95,20542.0
9761936,J_Ryan_Stradal,male,0.99,218952.0
2730977,Henrik_Ibsen,male,0.99,10710.0
6173870,Timur_Vermes,male,0.98,5621.0
4043,Wilbur_Smith,male,0.99,168.0
137261,Barbara_W_Tuchman,female,0.98,94709.0
3112212,Courtney_Cole,female,0.79,1805.0
274533,Simone_Elkeles,male,0.75,86110.0
359109,Jessica_Day_George,female,0.98,144795.0
18800,Michio_Kaku,male,0.98,155.0
38531,Michelle_Rowen,female,0.98,66334.0
6549285,Amy_Ewing,female,0.97,31233.0
1124,Anthony_Bourdain,male,0.99,98251.0
3190428,Cherrie_Lynn,female,0.98,453.0
167932,Jenny_Carroll,female,0.98,74278.0
4175419,Darynda_Jones,,0.0,0.0
28574,Jude_Deveraux,male,0.81,4365.0
6417,James_Clavell,male,0.99,117309.0
2816864,Liz_Fenton,female,0.98,11127.0
4866520,K_A_Tucker,female,0.98,8685.0
6582,Antonia_Fraser,female,0.98,18904.0
78407,Judy_Schachner,female,0.95,6014.0
1923104,Sarah_Silverman,female,0.98,174584.0
25421,Tony_DiTerlizzi,male,0.98,128022.0
6208,Dodie_Smith,female,0.89,347.0
5816,Darren_Shan,male,0.99,15908.0
815278,Lincoln_Peirce,male,0.99,998.0
9941,Bill_Simmons,male,0.97,15510.0
12504,Karin_Slaughter,female,0.97,25914.0
7385,Chaim_Potok,male,0.86,155.0
13747,George_W_Bush,male,0.98,65488.0
29068,Dalton_Trumbo,male,0.97,702.0
27276,Robert_Charles_Wilson,male,0.99,177418.0
2885514,Rhoda_Janzen,female,0.99,932.0
16094,Lois_McMaster_Bujold,female,0.58,2510.0
1315,Louisa_May_Alcott,female,0.97,4579.0
2956496,Kathy_Griffin,female,0.98,11449.0
7956,Mary_Roach,female,0.99,142684.0
7215049,Isak_Dinesen,male,0.98,1243.0
6452053,Kimberly_McCreight,female,0.99,17328.0
904719,Jo_Nesb_,male,0.79,32768.0
3028,Loung_Ung,male,0.56,9.0
957,Thucydides,male,1.0,1.0
15085,Frank_Miller,male,0.99,82391.0
2715,Michael_Chabon,male,0.99,245870.0
353227,Nic_Sheff,male,0.71,5976.0
56358,Rene_Denfeld,male,0.91,35497.0
15332,Rachel_Carson,female,0.98,28052.0
74189,Lisa_Lutz,female,0.98,102796.0
3012335,Andrew_Ross_Sorkin,male,0.99,60301.0
3506,Carson_McCullers,male,0.95,419.0
19771050,Aleksandr_Solzhenitsyn,male,0.99,7354.0
2560,Louise_Fitzhugh,female,0.97,23447.0
3536,Ursula_Hegi,female,0.98,7051.0
20849,Rosamunde_Pilcher,female,0.96,24.0
15830,Sarah_Dunant,female,0.98,174584.0
2897630,Johann_David_Wyss,male,0.99,10448.0
4261,Allen_Ginsberg,male,0.93,6769.0
7128,Jodi_Picoult,female,0.8,1150.0
6875794,Jay_Crownover,male,0.91,36724.0
403,Beverly_Cleary,female,0.96,3274.0
27857,Jenna_Blum,female,0.95,5564.0
52627,Olive_Ann_Burns,male,0.63,4742.0
669810,Jeaniene_Frost,female,1.0,2.0
6025722,Walter_M_Miller_Jr_,male,0.99,30023.0
19708,Leon_Uris,male,0.98,22539.0
1641,Nathaniel_Philbrick,male,0.97,2807.0
36615,Adam_Johnson,male,0.98,116396.0
10015,Kate_Atkinson,female,0.98,38791.0
21559,Nassim_Nicholas_Taleb,male,0.96,9238.0
45374,Susan_Orlean,female,0.98,32184.0
16150223,Kate_Moore,female,0.98,38791.0
7,Bill_Bryson,male,0.97,15510.0
1439,Malcolm_Gladwell,male,0.99,3722.0
3137322,Fyodor_Dostoyevsky,male,1.0,59.0
1438,Walt_Whitman,male,0.98,471.0
16458196,Etaf_Rum,female,0.91,11.0
16927,Dashiell_Hammett,male,0.96,23.0
3530,Anita_Shreve,female,0.98,66163.0
1466,Jean_Paul_Sartre,male,0.95,196185.0
4128,J_M_Coetzee,male,0.99,218952.0
6539545,Kelly_Harms,female,0.87,40778.0
9720,Mary_Norton,female,0.99,142684.0
7832387,Allen_Eskens,male,0.93,6769.0
6569,Louis_Sachar,male,0.97,26805.0
9121,James_Fenimore_Cooper,male,0.99,117309.0
6569504,Hannah_Kent,female,0.97,13198.0
2982266,Jandy_Nelson,female,0.52,118.0
55215,Junot_D_az,male,0.87,39.0
7491,Marilynne_Robinson,female,1.0,4.0
150810,Hiro_Mashima,male,0.94,1793.0
13575034,Linda_Holmes,female,0.98,99198.0
2974095,Kate_Quinn,female,0.98,38791.0
19527332,Chanel_Miller,female,0.93,4636.0
27281,Bill_O_Reilly,male,0.97,15510.0
982213,David_Wroblewski,male,0.99,501011.0
5023,Jacqueline_Winspear,female,0.98,29511.0
4345,Walter_Scott,male,0.99,30023.0
3027554,Kiersten_White,female,0.94,33.0
27318,Jon_Scieszka,male,0.98,29554.0
3681,Ann_Brashares,female,0.97,28026.0
16287225,Jasmine_Guillory,female,0.98,10790.0
9987,Philippa_Gregory,female,0.97,439.0
3497436,Lisa_Taddeo,female,0.98,102796.0
3534,Toni_Morrison,male,0.94,64776.0
19003531,Svetlana_Alexievich,female,0.98,24292.0
369288,Peter_H_eg,male,0.99,165452.0
116623,Sabahattin_Ali,male,0.97,1275.0
16204,Edward_Rutherfurd,male,0.99,22248.0
6547911,Yangsze_Choo,,0.0,0.0
571131,Eleanor_Brown,female,0.98,2356.0
10992,Alfred_Bester,male,0.98,13747.0
53498,Bo_Hampton,male,0.79,6996.0
4414255,Kevin_Hearne,male,0.99,157365.0
3318236,Youssef_Ziedan,male,0.97,38065.0
3502,Alice_Hoffman,female,0.98,68971.0
8730,Naomi_Novik,female,0.98,10562.0
13263,Edith_Hamilton,female,0.98,12157.0
30095,Jean_Webster,male,0.95,196185.0
23013,Edmund_Morris,male,0.99,2378.0
6568302,Heidi_McLaughlin,female,0.97,15937.0
26970,Alistair_MacLean,male,0.99,1274.0
5416814,Ellen_Marie_Wiseman,female,0.98,11562.0
13490756,Ay_ba_mi_Ade_ba_y_,male,0.51,1708.0
1857564,Chloe_Neill,female,0.98,9856.0
164576,Suzanne_Young,female,0.98,9856.0
3873,Mikhail_Bulgakov,male,0.99,3514.0
2122,Sarah_Vowell,female,0.98,174584.0
2063919,Michael_J_Sullivan,male,0.99,245870.0
32637,Sergei_Lukyanenko,male,0.99,4860.0
296560,Olga_Tokarczuk,female,0.98,80307.0
5774116,Amanda_Coplin,female,0.98,49026.0
93351,Michelle_Magorian,female,0.98,66334.0
18540,T_S_Eliot,male,0.99,176440.0
2578,Jonathan_Franzen,male,0.99,87986.0
1906497,Lauren_Graham,female,0.9,8924.0
12980,Stephen_R_Donaldson,male,0.99,36980.0
33280,Dav_Pilkey,male,0.97,6519.0
31003,Ildefonso_Falcones,male,0.98,594.0
10482,Jeff_Lindsay,male,0.99,32948.0
7224009,Jasmine_Warga,female,0.98,10790.0
908,Alessandro_Baricco,male,0.99,126666.0
2362,Marisha_Pessl,female,0.99,589.0
7047863,K_Bromberg,female,0.98,38791.0
11912,Jude_Watson,male,0.81,4365.0
2408,Ian_McEwan,male,0.99,27117.0
36122,Patricia_C_Wrede,female,0.98,132232.0
21578,Edward_Gorey,male,0.99,22248.0
13453,William_Blake,male,0.99,64097.0
4384465,Brodi_Ashton,male,0.94,16.0
55794,Roberto_Aguirre_Sacasa,male,0.99,151858.0
34049,John_Flanagan,male,0.99,218952.0
3041,Jon_Meacham,male,0.98,29554.0
3500,Anna_Quindlen,female,0.98,383713.0
9972,Julia_Glass,female,0.97,106666.0
7115158,B_J_Novak,male,0.99,62465.0
20357,Chelsea_Handler,female,0.89,3001.0
4443809,Thea_Harrison,female,0.97,2778.0
6542440,Elif_Shafak,female,0.97,36283.0
805184,Jennifer_E_Smith,female,0.98,90255.0
4637369,Veronica_Rossi,female,0.99,69016.0
15907,Tom_Perrotta,male,0.99,126230.0
8987,Theodore_Dreiser,male,0.98,2116.0
12076,Russell_Hoban,male,0.98,5609.0
7680,Eugene_O_Neill,male,0.95,8915.0
7994,Jean_Jacques_Rousseau,male,0.95,196185.0
4462824,Camille_Pag_n,female,0.9,51457.0
17501,Henry_Fielding,male,0.98,30742.0
21477,Nevil_Shute,male,0.85,145.0
6410,Alice_Munro,female,0.98,68971.0
14188547,Don_Wood,male,0.98,21894.0
3276202,Ottessa_Moshfegh,,0.0,0.0
34070,Andy_Goldsworthy,male,0.92,66103.0
21246,Gretchen_Rubin,female,0.98,846.0
71955,Arthur_Hailey,male,0.99,20587.0
7044164,Scott_Meyer,male,0.99,31815.0
8924,Lloyd_Alexander,male,0.99,3358.0
12437,Gary_Shteyngart,male,0.99,29381.0
14151,Craig_Thompson,male,0.99,19490.0
1194,Richard_Dawkins,male,0.99,101928.0
51287,Alexander_Hamilton,male,0.99,66065.0
4030,Michael_Ondaatje,male,0.99,245870.0
3529,Elizabeth_Berg,female,0.99,31288.0
1357577,Fran_oise_Sagan,male,0.95,57894.0
749461,G_nter_Grass,male,0.99,1227.0
14965,Garth_Ennis,male,0.99,596.0
304060,Svetlana_Chmakova,female,0.98,24292.0
79216,Alan_Weisman,male,0.99,39948.0
12542,Bernard_Cornwell,male,0.98,38897.0
164139,Rachel_Kushner,female,0.98,28052.0
163,Marguerite_Duras,female,0.97,2391.0
61382,Matt_Fraction,male,0.99,38275.0
7799,Nathaniel_Hawthorne,male,0.97,2807.0
8446300,Scott_Hawkins,male,0.99,31815.0
82570,Gregg_Andrew_Hurwitz,male,0.99,1344.0
416300,Tom_Hanks,male,0.99,126230.0
5589647,Marie_Kond_,female,0.98,229433.0
51589,Chitra_Banerjee_Divakaruni,female,0.91,319.0
16593,Sam_Harris,male,0.81,96261.0
15053129,Lisa_Ko,female,0.98,102796.0
5691,Nora_Ephron,female,0.97,21072.0
10401,James_Gleick,male,0.99,117309.0
5416055,Deb_Perelman,female,0.91,2468.0
32878,Michel_Houellebecq,male,0.97,93795.0
7014283,G_K_Chesterton,male,0.98,11960.0
3099544,Victoria_Schwab,female,0.98,35658.0
123463,Mary_E_Pearson,female,0.99,142684.0
20258,Lisa_Scottoline,female,0.98,102796.0
4919495,Chris_Colfer,male,0.9,156083.0
72039,Roberto_Bola_o,male,0.99,151858.0
13804788,Ruth_Wariner,female,0.98,28718.0
10710,W_E_B_Du_Bois,male,0.99,64097.0
12130438,Dennis_E_Taylor,male,0.99,61118.0
1370283,Brent_Weeks,male,0.99,4210.0
4738,Alexander_McCall_Smith,male,0.99,66065.0
7205478,Katarina_Bivald,female,0.98,12712.0
29227,Giovanni_Boccaccio,male,0.99,104824.0
88685,Alison_Goodman,female,0.98,25555.0
11111,Ian_Caldwell,male,0.99,27117.0
9018,Mike_Carey,male,0.99,109844.0
33919,Jeff_VanderMeer,male,0.99,32948.0
7168230,V_E_Schwab,female,0.98,35658.0
1949,Katherine_Paterson,female,0.98,8451.0
7074943,Victoria_Aveyard,female,0.98,35658.0
16642745,Tomi_Adeyemi,male,0.95,7611.0
42158,John_D_Rateliff,male,0.99,218952.0
25052,Brandon_Mull,male,0.99,14697.0
6887314,Noelle_Stevenson,female,0.97,3123.0
861,Jean_M_Auel,male,0.95,196185.0
61939,Mark_Cotta_Vaz,male,0.99,119313.0
2936493,Lauren_Oliver,female,0.9,8924.0
15968276,Chloe_Benjamin,female,0.98,9856.0
2973783,Alexandra_Bracken,female,0.98,122985.0
811,Yann_Martel,male,0.98,28202.0
3377941,Rick_Yancey,male,0.99,16772.0
2938140,Jacob_Grimm,male,0.99,15119.0
25422,Holly_Black,female,0.87,4247.0
4343092,Amish_Tripathi,male,0.86,149.0
4600197,Ren_e_Ahdieh,male,0.95,20542.0
17160667,Stuart_Turton,male,0.99,10695.0
3720,Anne_Frank,female,0.97,78727.0
1049,Elie_Wiesel,male,0.93,9097.0
431149,Truman_Capote,male,0.97,201.0
4379,Sylvia_Plath,female,0.98,22597.0
1235,Jon_Krakauer,male,0.98,29554.0
2940640,Rebecca_Skloot,female,0.98,36835.0
3347,Frank_McCourt,male,0.99,82391.0
10264,Henry_David_Thoreau,male,0.98,30742.0
6466154,Kahlil_Gibran,male,0.93,90.0
3503,Maya_Angelou,female,0.95,22722.0
798,Steven_D_Levitt,male,0.99,61542.0
5158478,Anonymous,male,0.79,1107.0
4101935,Susan_Cain,female,0.98,32184.0
3317,Dale_Carnegie,male,0.93,5104.0
5117,Art_Spiegelman,male,0.91,4557.0
30913,Laura_Hillenbrand,female,0.98,288403.0
4952,John_Berendt,male,0.99,218952.0
17435,Malcolm_X,male,0.99,3722.0
11679,Elizabeth_Gilbert,female,0.99,31288.0
16201,Niccol_Machiavelli,male,0.99,1330.0
256,Jared_Diamond,male,0.99,4056.0
287960,Randy_Pausch,male,0.97,10661.0
1401,Stephen_Hawking,male,0.99,36980.0
155717,Cheryl_Strayed,female,0.98,6582.0
2331,Mitch_Albom,male,0.89,5487.0
4376,Susanna_Kaysen,female,0.97,9791.0
2782,Viktor_E_Frankl,male,0.99,19539.0
1771,Sun_Tzu,male,0.52,6975.0
6281688,David_McCullough,male,0.99,501011.0
6448979,Better_Homes_and_Gardens,male,0.73,182.0
5237,Hunter_S_Thompson,male,0.96,2375.0
7064545,Malala_Yousafzai,female,0.88,309.0
2867696,Piper_Kerman,female,0.52,376.0
401,Robert_M_Pirsig,male,0.99,177418.0
1257,Barbara_Ehrenreich,female,0.98,94709.0
102203,Corrie_ten_Boom,female,0.86,1247.0
72401,Daniel_Kahneman,male,0.99,317409.0
14031444,Paul_Kalanithi,male,0.99,148099.0
194416,Mindy_Kaling,female,0.96,1193.0
2849,David_Sedaris,male,0.99,501011.0
7350402,Amy_Poehler,female,0.97,31233.0
8002,John_Grogan,male,0.99,218952.0
380,Eric_Schlosser,male,0.99,135071.0
843200,Oliver_Sacks,male,0.99,32776.0
1538,Stephen_R_Covey,male,0.99,36980.0
27837,Greg_Mortenson,male,0.99,40836.0
622,Gary_Chapman,male,0.99,29381.0
167112,E_H_Gombrich,male,0.98,2680.0
15109469,J_D_Vance,male,0.99,117309.0
3340,Spencer_Johnson,male,0.96,2141.0
5201530,Charles_Duhigg,male,0.99,49331.0
1881,Dave_Pelzer,male,0.99,47377.0
395812,Yuval_Noah_Harari,male,0.93,235.0
4385839,Tina_Fey,female,0.98,56487.0
5778057,Susannah_Cahalan,female,0.97,276.0
711,Rick_Warren,male,0.99,16772.0
2790706,Hans_Rosling,male,0.97,37182.0
42697,Irma_S_Rombauer,female,0.98,7296.0
1429989,Richard_P_Feynman,male,0.99,101928.0
1214964,Ta_Nehisi_Coates,female,0.56,3391.0
6900,Thomas_Keneally,male,0.99,176440.0
133538,Christopher_McDougall,male,0.99,53539.0
848,John_Gray,male,0.99,218952.0
24189,Ishmael_Beah,male,0.99,669.0
196092,Patti_Smith,female,0.87,1097.0
6984726,Allie_Brosh,female,0.82,615.0
5151,Azar_Nafisi,male,0.6,635.0
486329,Daniel_James_Brown,male,0.99,317409.0
1476,Doris_Kearns_Goodwin,female,0.96,13787.0
4826,Frances_Mayes,female,0.88,3173.0
5333595,Sheryl_Sandberg,female,0.99,2468.0
1455,Ernest_Hemingway,male,0.98,9066.0
9059,Caroline_B_Cooney,female,0.98,64753.0
15516,Erich_Segal,male,0.98,3025.0
20979369,Gawain_Poet,male,0.9,29.0
5768,John_Jakes,male,0.99,218952.0
15619,Michael_Ende,male,0.99,245870.0
16904,Richard_Bach,male,0.99,101928.0
6521173,Jasinda_Wilder,,0.0,0.0
7277,Julia_Alvarez,female,0.97,106666.0
11525,Samuel_Taylor_Coleridge,male,0.99,59464.0
70916,Jessica_Shattuck,female,0.98,144795.0
3075,John_Irving,male,0.99,218952.0
23509,Jean_Craighead_George,male,0.95,196185.0
6160,Sophie_Kinsella,female,0.98,87796.0
61124,Chetan_Bhagat,male,0.98,1297.0
4462369,William_S_Burroughs,male,0.99,64097.0
157146,Christina_Baker_Kline,female,0.98,35006.0
4721536,Mark_Lawrence,male,0.99,119313.0
13728,Alvin_Schwartz,male,0.99,7714.0
6860531,Bella_Forrest,female,0.98,40991.0
32049,Daniel_Todd_Gilbert,male,0.99,317409.0
9345,Brian_Froud,male,0.99,51483.0
18411,Clive_Cussler,male,0.98,2703.0
3299,Salman_Rushdie,male,0.98,7297.0
19706,Jack_Higgins,male,0.98,63210.0
5091,Lee_Child,male,0.8,38767.0
5186274,A_G_Howard,female,0.97,78727.0
566874,Sarah_Addison_Allen,female,0.98,174584.0
38809,James_Rollins,male,0.99,117309.0
165168,Derek_Landy,male,0.99,11770.0
22159,Jessica_Park,female,0.98,144795.0
38120,Brian_Selznick,male,0.99,51483.0
9890,Tami_Hoag,female,0.87,2463.0
3517,Sue_Miller,female,0.97,12000.0
9824300,Stephanie_Danler,female,0.98,68107.0
5836922,Dai_Sijie,male,0.73,1453.0
164127,Yoshiki_Nakamura,male,0.98,360.0
223343,Joanna_Wylde,female,0.98,72381.0
7751367,Emma_Healey,female,0.93,57489.0
3353516,Amy_Plum,female,0.97,31233.0
12540,Robert_Bloch,male,0.99,177418.0
130166,Cynthia_Lord,female,0.99,31660.0
15450,Virginia_Lee_Burton,female,0.99,36136.0
599916,Tabitha_Suzuma,female,0.98,822.0
7935185,E_Nesbit,female,0.98,12188.0
5085738,J_Sterling,female,0.95,2073.0
1647762,Julie_James,female,0.98,116926.0
176959,Sarah_Thornton,female,0.98,174584.0
1445909,Adrian_Tchaikovsky,male,0.99,90344.0
7177350,M_R_Carey,male,0.99,109844.0
14617,Margaret_Peterson_Haddix,female,0.99,17172.0
12534,Larry_Niven,male,0.97,11821.0
5360335,Amie_Kaufman,female,0.89,1622.0
5780686,Liu_Cixin,male,0.56,2768.0
1318,Susan_Beth_Pfeffer,female,0.98,32184.0
4890182,Susan_Ee,female,0.98,32184.0
118226,Naomi_Alderman,female,0.98,10562.0
7271073,Josh_Malerman,male,0.99,17918.0
5858,Richard_Bachman,male,0.99,101928.0
175329,Rebecca_Stead,female,0.98,36835.0
54875,Don_Tapscott,male,0.98,21894.0
6869072,C_L_Stone,female,0.99,91004.0
198837,Peter_H_Reynolds,male,0.99,165452.0
14814106,Kel_Kade,female,0.56,1398.0
580494,Jason_Aaron,male,0.99,63418.0
17895699,Ashley_Saunders,female,0.61,13738.0
73751,Peter_L_Bernstein,male,0.99,165452.0
8058863,Christian_Rudder,male,0.99,156233.0
8685,Mercedes_Lackey,female,0.97,15393.0
25573,Stefan_Zweig,male,0.98,83987.0
140455,Olaudah_Equiano,male,1.0,1.0
6460339,Alain_Fournier,male,0.99,76390.0
7628,Iain_Banks,male,0.99,2485.0
26886,Stan_Berenstain,male,0.91,9914.0
16290,Donna_Leon,female,0.98,22910.0
9494,H_P_Lovecraft,male,0.99,3213.0
3408059,Melanie_Dickerson,female,0.98,80630.0
7519,Jonathan_Harr,male,0.99,87986.0
49986,George_Packer,male,0.98,65488.0
4116,Erich_Maria_Remarque,male,0.98,3025.0
45388,Liz_Prince,female,0.98,11127.0
21346,David_Shannon,male,0.99,501011.0
30654,Eloise_Jarvis_McGraw,female,0.97,792.0
12942,Judy_Blume,female,0.95,6014.0
33156,Doreen_Rappaport,female,0.97,6429.0
7623849,Virginia_M_Axline,female,0.99,36136.0
58484,Harold_McGee,male,0.99,5937.0
85858,Stephen_Sondheim,male,0.99,36980.0
7305,Mary_McCarthy,female,0.99,142684.0
191218,Alice_Schertle,female,0.98,68971.0
61659,Cameron_Dokey,male,0.92,3334.0
143178,Christina_Rossetti,female,0.98,35006.0
8722,Else_Holmelund_Minarik,female,0.94,979.0
128668,Ji_li_Jiang,male,0.79,34324.0
704,Pearl_S_Buck,female,0.92,2854.0
68613,Theodor_Fontane,male,0.98,660.0
5116,Jules_Feiffer,male,0.89,15187.0
24844,Lindsey_Davis,female,0.95,2750.0
17998571,David_Kirkpatrick,male,0.99,501011.0
1567394,Matthew_Woodring_Stover,male,1.0,35521.0
121825,Rob_Thurman,male,0.98,32016.0
321601,Johann_Hari,male,0.99,10448.0
7190,Ana_s_Nin,female,0.98,273767.0
12733,Jon_J_Muth,male,0.98,29554.0
821537,Deborah_Diesen,female,0.99,33214.0
20524,Anthony_Trollope,male,0.99,98251.0
199200,Natalie_Savage_Carlson,female,0.98,22384.0
192314,Richard_Henry_Dana_Jr_,male,0.99,101928.0
5760737,Seth_Dickinson,male,0.98,4054.0
4046,Ellis_Peters,female,0.53,1297.0
33502,Esther_M_Friesner,female,0.99,43885.0
65471,Robert_Lynn_Asprin,male,0.99,177418.0
20493,Brian_Wood,male,0.99,51483.0
1728,Orhan_Pamuk,male,0.97,31633.0
194419,Charles_G_Shaw,male,0.99,49331.0
35548,Manuel_Puig,male,0.99,166605.0
18130,Carol_Goodman,female,0.97,33721.0
4454736,Sherri_Duskey_Rinker,female,0.95,548.0
28083,Stephen_R_Lawhead,male,0.99,36980.0
1405152,Peter_V_Brett,male,0.99,165452.0
27100,Michael_Scott,male,0.99,245870.0
4208569,Rainbow_Rowell,female,0.64,1112.0
49177,Shannon_Hale,female,0.78,5669.0
14137787,Stephanie_Garber,female,0.98,68107.0
57990,Kennilworthy_Whisp,,0.0,0.0
175855,Melissa_Marr,female,0.99,63975.0
6466778,Helene_Wecker,female,0.98,5586.0
19981845,Newt_Scamander,male,0.61,36.0
13922215,Katherine_Arden,female,0.98,8451.0
298438,Kerstin_Gier,female,0.97,17233.0
39402,Patrick_S_skind,male,0.99,153288.0
4126827,Michelle_Hodkin,female,0.98,66334.0
173491,E_Lockhart,female,0.98,16379.0
4633123,H_Rider_Haggard,male,0.98,30742.0
6550037,Kristen_Proby,female,0.85,1525.0
6447490,_,,0.0,0.0
21135,Anne_Morrow_Lindbergh,female,0.97,78727.0
4624490,Edgar_Allan_Poe,male,0.99,16632.0
6569002,Nathan_Filer,male,0.99,20181.0
8080,Michael_Morpurgo,male,0.99,245870.0
1159886,Arkady_Strugatsky,male,0.98,229.0
822,James_Frey,male,0.99,117309.0
5325,Carol_Ryrie_Brink,female,0.97,33721.0
1274669,Mark_Owen,male,0.99,119313.0
504038,Anna_Banks,female,0.98,383713.0
9885,Judith_McNaught,female,0.98,19741.0
819789,J_D_Salinger,male,0.99,55481.0
3083854,Tom_Wolfe,male,0.99,126230.0
3499,Lalita_Tademy,female,0.97,764.0
5944,Bill_Clinton,male,0.97,15510.0
526211,Helen_Bryan,female,0.98,32058.0
14031516,Fiona_Barton,female,0.97,11154.0
6039100,Robert_Munsch,male,0.99,177418.0
3387859,Nate_Silver,male,0.89,1934.0
8656,T_Harv_Eker,male,0.99,176440.0
15590,Mary_Stewart,female,0.99,142684.0
5021508,Sapphire,female,0.82,274.0
5430144,Colleen_Hoover,female,0.97,1577.0
6942,Pat_Conroy,male,0.67,26734.0
5234,Sena_Jeter_Naslund,female,0.9,5803.0
2018764,Atsushi_Ohkubo,male,1.0,1494.0
3980637,Tina_Reber,female,0.98,56487.0
7715,Robert_Frost,male,0.99,177418.0
24978,Maya_Banks,female,0.95,22722.0
569269,Jay_Asher,male,0.91,36724.0
99044,Mary_Higgins_Clark,female,0.99,142684.0
5014564,Quinn_Loftis,male,0.71,370.0
5286855,Amy_A_Bartol,female,0.97,31233.0
234115,Faith_Hunter,female,0.9,5982.0
40593,Gabrielle_Zevin,female,0.95,4965.0
6554504,Madeline_Sheehan,female,0.98,1847.0
3189389,Kyle_Idleman,male,0.98,12606.0
3186713,Alexandre_Dumas_fils,male,0.99,61354.0
4882127,Rachel_Van_Dyken,female,0.98,28052.0
1036615,Charlotte_Bront_,female,0.97,37761.0
5204412,Ayana_Mathis,female,0.92,351.0
3213942,Linda_Kage,female,0.98,99198.0
2096360,Aprilynne_Pike,,0.0,0.0
30691,Adolf_Hitler,male,0.95,2140.0
14078,David_Brin,male,0.99,501011.0
5437976,J_A_Redmerski,female,0.98,144795.0
4330590,H_M_Ward,female,0.97,13198.0
29621,Sister_Souljah,female,0.92,249.0
7056140,Laurelin_Paige,female,0.83,6.0
12034,Carol_Shields,female,0.97,33721.0
65678,Miranda_July,female,0.95,8537.0
6247,Matthew_Pearl,male,1.0,35521.0
23722,Donna_VanLiere,female,0.98,22910.0
67295,Madeleine_Wickham,female,0.98,7557.0
1050,Mark_Haddon,male,0.99,119313.0
1074866,Alan_Bradley,male,0.99,39948.0
14589884,Eric_Weiner,male,0.99,135071.0
17854,Bertrand_Russell,male,0.97,14197.0
18731,Marcus_Buckingham,male,0.99,28005.0
3351454,Morgan_Matson,male,0.89,15354.0
8764,Teddy_Slater,male,0.94,13283.0
15241064,Jane_Corry,female,0.97,36653.0
5192116,Julie_Kibler,female,0.98,116926.0
6245,Dave_Barry,male,0.99,47377.0
43274,Adrian_Conan_Doyle,male,0.99,90344.0
4605,Lisi_Harrison,female,0.86,862.0
8434062,Lauren_K_Denton,female,0.9,8924.0
3465557,L_A_Weatherly,female,0.98,102796.0
2617,Jonathan_Safran_Foer,male,0.99,87986.0
4711,Sue_Monk_Kidd,female,0.97,12000.0
6760,Laurie_R_King,female,0.95,11304.0
9823112,Alix_E_Harrow,female,0.57,3714.0
16820001,R_F_Kuang,female,0.98,36835.0
93504,Lisa_Jewell,female,0.98,102796.0
15127507,Karen_M_McManus,female,0.95,48557.0
5829056,Amy_Harmon,female,0.97,31233.0
5435162,Liz_Moore,female,0.98,11127.0
6439440,Marieke_Nijkamp,female,0.98,2868.0
13905555,Emily_Henry,female,0.98,16379.0
55758,Bernard_Waber,male,0.98,38897.0
272814,E_D_Baker,female,0.99,31288.0
11586,David_Gemmell,male,0.99,501011.0
5028226,Paul_Pen,male,0.99,148099.0
1064072,T_Coraghessan_Boyle,male,0.99,176440.0
4875266,Katie_Davis,female,0.98,10320.0
7368938,David_Arnold,male,0.99,501011.0
13311,Al_Franken,male,0.87,18287.0
3501,Kaye_Gibbons,female,0.89,777.0
21798,Betty_Friedan,female,0.99,31159.0
166674,Yukiru_Sugisaki,female,0.5,2.0
537929,Beth_Harbison,female,0.97,4286.0
5769238,T_M_Frazier,female,0.96,7299.0
8131,Horace_Walpole,male,0.98,414.0
11236,Caroline_Myss,female,0.98,64753.0
151371,Jenny_Han,female,0.98,74278.0
114656,Cupcake_Brown,female,0.89,191.0
236,Harold_Bloom,male,0.99,5937.0
7324934,R_S_Grey,female,0.98,28052.0
6997072,Katy_Evans,female,0.98,17008.0
2958717,Melanie_Benjamin,female,0.98,80630.0
18149,Tess_Gerritsen,female,0.95,3088.0
179,Ann_McGovern,female,0.97,28026.0
972440,Hillary_Jordan,female,0.55,1198.0
58843,A_Manette_Ansay,female,0.97,78727.0
24732,Andrea_Levy,male,0.62,302977.0
20983,Shayla_Black,female,0.96,256.0
79922,Megan_McCafferty,female,0.96,5933.0
6599,Margaret_George,female,0.99,17172.0
11286,Ariel_Levy,male,0.81,11501.0
1756,Chris_Anderson,male,0.9,156083.0
36556,Ren_Descartes,male,0.95,20542.0
7079,Ben_Fountain,male,0.95,77991.0
361963,Catherine_Gilbert_Murdock,female,0.98,50312.0
7305254,Danielle_Paige,female,0.97,21788.0
17219,Arthur_Koestler,male,0.99,20587.0
5351355,J_M_Darhower,female,0.98,144795.0
8146,Mark_Helprin,male,0.99,119313.0
1308914,Erin_Kelly,female,0.77,3169.0
40119,Grant_Naylor,male,0.99,4310.0
5763298,Tammy_Falkner,female,0.93,5250.0
6866,Stephen_Coonts,male,0.99,36980.0
233,Don_DeLillo,male,0.98,21894.0
1367163,The_Church_of_Jesus_Christ_of_Latter_day_Saints,male,0.86,28799.0
5174152,C_J_Roberts,female,0.99,91004.0
4629194,Brigid_Kemmerer,female,0.93,97.0
1461,Gustave_Flaubert,male,0.96,1332.0
26826,Anna_Gavalda,female,0.98,383713.0
3345,Joseph_Conrad,male,0.99,60259.0
6085,Erica_Jong,female,0.99,22048.0
3424060,Adolfo_Bioy_Casares,male,0.99,6858.0
28244,Anita_Brookner,female,0.98,66163.0
200033,Anita_Amirrezvani,female,0.98,66163.0
5168929,Magda_Szab_,female,0.98,55818.0
45726,David_Hume,male,0.99,501011.0
159,Henry_James,male,0.98,30742.0
51746,John_Locke,male,0.99,218952.0
11038,Immanuel_Kant,male,0.97,626.0
18791,Guy_de_Maupassant,male,0.98,26733.0
815259,G_Willow_Wilson,female,0.98,470.0
7927,Norman_Mailer,male,0.99,7666.0
49420,Janet_Ahlberg,female,0.98,15602.0
14084,Jonathan_Kozol,male,0.99,87986.0
18143,Walter_Lord,male,0.99,30023.0
1411964,John_le_Carr_,male,0.99,218952.0
23069,Gene_Wolfe,male,0.63,2886.0
5863103,Angela_Y_Davis,female,0.99,106685.0
389474,Joseph_O_Neill,male,0.99,60259.0
14150,Martha_Grimes,female,0.98,11060.0
3620,Kathleen_Winsor,female,0.98,8685.0
43613,Nevada_Barr,male,0.57,162.0
51289,James_Lincoln_Collier,male,0.99,117309.0
34061,Carolyn_Parkhurst,female,0.98,2993.0
200142,Marcus_Samuelsson,male,0.99,28005.0
36722,Martin_Waddell,male,0.98,180687.0
18304042,Frances_Burney,female,0.88,3173.0
15441,Bob_Woodward,male,0.95,42362.0
1481537,Stendhal,male,1.0,19.0
6580622,W_G_Sebald,male,0.99,588.0
692,Mercer_Mayer,male,0.91,22.0
5160667,Shay_Savage,male,0.68,1114.0
7125278,Will_Wight,male,0.97,15251.0
16325,Jan_Brett,male,0.95,142869.0
14249613,Kenneth_C_Johnson,male,0.98,20666.0
4124738,Ed_Yong,male,0.95,6629.0
7390210,Sebastien_de_Castell,male,0.99,56953.0
121814,Allen_Say,male,0.93,6769.0
3159984,Karen_Kingsbury,female,0.95,48557.0
1336408,Melissa_Anelli,female,0.99,63975.0
103243,Julia_Donaldson,female,0.97,106666.0
63278,Tom_Reiss,male,0.99,126230.0
2855221,Mac_Barnett,male,0.92,6904.0
245590,Esi_Edugyan,male,0.5,557.0
33362,Bruce_Degen,male,0.98,10698.0
6979322,Donnie_Eichar,male,0.96,1656.0
2541526,Elly_Griffiths,female,0.92,6075.0
15231588,Ruth_Emmie_Lang,female,0.98,28718.0
45429,Jeffrey_Brown,male,0.99,22034.0
5411,Cynthia_Rylant,female,0.99,31660.0
6583172,Emily_Oster,female,0.98,16379.0
167395,Alex_Kava,male,0.9,411319.0
307885,Caralyn_Buehner,female,1.0,13.0
10517,David_Weber,male,0.99,501011.0
43825,Robert_Leckie,male,0.99,177418.0
56223,Joshua_Ferris,male,0.99,20919.0
1598076,Sarah_MacLean,female,0.98,174584.0
96375,Gary_D_Schmidt,male,0.99,29381.0
72451,Jonathan_Maberry,male,0.99,87986.0
2860219,Seanan_McGuire,male,0.57,7.0
7086094,Brian_Staveley,male,0.99,51483.0
721,John_Grisham,male,0.99,218952.0
14250598,Jana_Aston,female,0.99,105740.0
415967,Rachel_Vincent,female,0.98,28052.0
7735,Irwin_Shaw,male,0.99,476.0
19696,Greg_Iles,male,0.99,40836.0
2751,Bret_Easton_Ellis,male,0.96,961.0
12732,Grant_Morrison,male,0.99,4310.0
6608,Margret_Rey,female,0.97,915.0
190922,Justina_Chen,female,0.98,2236.0
41313,Susan_Elizabeth_Phillips,female,0.98,32184.0
859143,William_Gibson,male,0.99,64097.0
3116926,Lene_Kaaberb_l,female,0.97,2839.0
21072,Peter_M_Senge,male,0.99,165452.0
36065,Richard_J_Foster,male,0.99,101928.0
3073,John_Buchan,male,0.99,218952.0
18741,Max_Barry,male,0.98,106688.0
4724550,Jay_McLean,male,0.91,36724.0
4087929,Betty_Crocker,female,0.99,31159.0
6540645,Michelle_A_Valentine,female,0.98,66334.0
36346,Jennifer_Donnelly,female,0.98,90255.0
7116,Cecelia_Ahern,female,0.97,266.0
580315,Jennifer_Estep,female,0.98,90255.0
45645,Sherwood_Anderson,male,0.89,55.0
5784345,Nyrae_Dawn,,0.0,0.0
4027380,Joelle_Charbonneau,female,0.98,11998.0
79303,Camron_Wright,male,0.97,204.0
4540172,Jennifer_Close,female,0.98,90255.0
5421050,K_A_Linde,female,0.98,38791.0
8933,Alan_Lightman,male,0.99,39948.0
18464973,M_T_Edvardsson,male,0.99,245870.0
49612,Ariana_Franklin,female,0.97,3467.0
14424,Adam_Smith,male,0.98,116396.0
57651,John_Stuart_Mill,male,0.99,218952.0
26638,Claire_LaZebnik,female,0.97,42044.0
13554,Carolyn_Brown,female,0.98,2993.0
7032108,Alexis_Hall,male,0.91,36192.0
6551005,Emma_Chase,female,0.93,57489.0
9020,Herman_Wouk,male,0.98,6853.0
8427407,James_Islington,male,0.99,117309.0
84994,Cristina_Henriquez,female,0.99,140931.0
24820,Ron_Rash,male,0.98,15585.0
41016,Martha_Stout,female,0.98,11060.0
41193,Sara_Donati,female,0.98,244324.0
42017,Barbara_Shook_Hazen,female,0.98,94709.0
15183346,Louise_Jensen,female,0.97,23447.0
563202,Marybeth_Mayhew_Whalen,female,0.97,94.0
2882485,Cherise_Sinclair,female,0.99,180.0
93094,John_Layman,male,0.99,218952.0
53519,Thomas_Malory,male,0.99,176440.0
4833990,Jillian_Dodd,female,0.94,787.0
847789,Timothy_J_Keller,male,0.99,13105.0
7122060,Harper_Sloan,male,0.86,148.0
16328,John_M_Barry,male,0.99,218952.0
800588,Ravinder_Singh,male,0.94,619.0
5951,Jeff_Smith,male,0.99,32948.0
7033774,Kimberly_Lauren,female,0.99,17328.0
5230303,A_J_Pearce,female,0.97,78727.0
93345,Diane_Chamberlain,female,0.97,15367.0
6820562,Kimberly_Rae_Miller,female,0.99,17328.0
1452,John_Perkins,male,0.99,218952.0
94091,Kate_Brian,female,0.98,38791.0
5088,Brad_Thor,male,0.99,10696.0
4417749,Megan_Miranda,female,0.96,5933.0
105839,Marie_Brennan,female,0.98,229433.0
87184,Laura_Joffe_Numeroff,female,0.98,288403.0
39846,Elif_Batuman,female,0.97,36283.0
11075,Susan_Vreeland,female,0.98,32184.0
1429808,MaryJanice_Davidson,female,1.0,1.0
1441,Ted_Dekker,male,0.98,6828.0
871358,_,,0.0,0.0
7307477,Laline_Paull,female,0.97,38.0
4750,_mile_Zola,,0.0,0.0
7176787,Jodi_Taylor,female,0.8,1150.0
64028,Sarah_Weeks,female,0.98,174584.0
22542,Megan_Whalen_Turner,female,0.96,5933.0
6949698,Katherine_Addison,female,0.98,8451.0
3770,Jack_Welch,male,0.98,63210.0
3469,Bev_Vincent,female,0.94,1265.0
126447,Catherine_Ryan_Hyde,female,0.98,50312.0
3393536,Rob_Buyea,male,0.98,32016.0
548551,Anna_Godbersen,female,0.98,383713.0
6519108,Emily_Snow,female,0.98,16379.0
994873,Sloane_Crosley,female,0.77,160.0
257934,Rachel_Hauck,female,0.98,28052.0
22370,Jill_Shalvis,female,0.93,5787.0
86404,E_M_Forster,male,0.99,22248.0
29963,W_B_Yeats,male,0.99,64097.0
40398,Arturo_P_rez_Reverte,male,0.99,15987.0
202867,Rhys_Bowen,male,0.99,1338.0
8516,Piers_Anthony,male,0.96,187.0
85545,Kristen_Britain,female,0.85,1525.0
753097,Robin_Benway,male,0.93,34003.0
18930,Anya_Seton,female,0.97,4118.0
13847,Charles_Baudelaire,male,0.99,49331.0
8316649,Zoe_Sugg,female,0.95,8926.0
5086768,Bill_Martin_Jr_,male,0.97,15510.0
80212,C_J_Sansom,male,0.99,53539.0
706255,Stieg_Larsson,male,1.0,14.0
769979,_sne_Seierstad,,0.0,0.0
233619,Marcel_Proust,male,0.99,63607.0
52601,N_H_Kleinbaum,female,0.98,42623.0
1730,Umberto_Eco,male,0.99,10383.0
15445,Carl_Bernstein,male,0.98,17561.0
10039,John_Fowles,male,0.99,218952.0
64654,Sheila_Burnford,female,0.99,17390.0
22580,Julie_Orringer,female,0.98,116926.0
7789423,Alice_Oseman,female,0.98,68971.0
19629033,Douglas_Stuart,male,0.99,9529.0
4448408,Walter_Tevis,male,0.99,30023.0
15253645,Elizabeth_Acevedo,female,0.99,31288.0
3367145,Chris_Guillebeau,male,0.9,156083.0
449547,H_G_Bissinger,male,0.98,24264.0
96150,Daniel_H_Pink,male,0.99,317409.0
6429,Curtis_Sittenfeld,male,0.99,4112.0
4826501,Tammara_Webber,female,0.98,40.0
341493,Craig_Silvey,male,0.99,19490.0
7894,Nella_Larsen,female,0.98,2772.0
61565,Hester_Browne,female,0.96,624.0
5662,Ruth_Reichl,female,0.98,28718.0
1304838,Bill_Konigsberg,male,0.97,15510.0
13414088,S_Jae_Jones,female,0.98,174584.0
886869,Brunonia_Barry,,0.0,0.0
136635,Giorgio_Vasari,male,0.99,41494.0
24349,Betty_Mahmoody,female,0.99,31159.0
337,Walker_Percy,male,0.94,901.0
97783,Mary_Beard,female,0.99,142684.0
5052587,Kate_Alcott,female,0.98,38791.0
12144,James_M_McPherson,male,0.99,117309.0
56064,Marlon_James,male,0.97,6875.0
132132,Enid_Bagnold,female,0.85,283.0
8407795,Giuseppe_Tomasi_di_Lampedusa,male,0.99,163742.0
32498,Iris_Johansen,female,0.98,27519.0
1192311,Claudia_Gray,female,0.98,118604.0
5687,Irvine_Welsh,male,0.84,145.0
7142445,Peter_Swanson,male,0.99,165452.0
16918766,Dervla_McTiernan,female,0.94,17.0
877884,David_Fishelson,male,0.99,501011.0
39467,Eric_Van_Lustbader,male,0.99,135071.0
4339,David_Foster_Wallace,male,0.99,501011.0
61714,James_L_Swanson,male,0.99,117309.0
6436698,Molly_McAdams,female,0.95,3447.0
8649,Juliet_Marillier,female,0.98,5700.0
6581077,Rysa_Walker,male,0.53,17.0
3024821,Anne_Fortier,female,0.97,78727.0
25864,John_Fante,male,0.99,218952.0
330382,Kim_Carpenter,female,0.56,51609.0
9097,Legs_McNeil,female,0.68,50.0
7659,Paul_Bowles,male,0.99,148099.0
8199366,D_M_Pulley,female,0.97,15367.0
3408349,Lili_St_Crow,female,0.95,39232.0
3406550,Josephine_Angelini,female,0.98,9009.0
15959,Boris_Vian,male,0.99,19244.0
16117866,Christine_Mangan,female,0.99,91004.0
1077176,Katherine_Allred,female,0.98,8451.0
6492,Francine_Rivers,female,0.99,8962.0
4074051,Rae_Carson,female,0.68,675.0
9237,Jacqueline_Carey,female,0.98,29511.0
14655,Jeff_Shaara,male,0.99,32948.0
788461,Dan_Ariely,male,0.95,55986.0
4838933,Samantha_Towle,female,0.98,31152.0
37557,Richard_Kadrey,male,0.99,101928.0
509,Brian_Greene,male,0.99,51483.0
10657,Enid_Blyton,female,0.85,283.0
54521,Hampton_Sides,male,0.94,36.0
8534434,Sylvain_Neuvel,male,0.99,37051.0
7172,Katherine_Neville,female,0.98,8451.0
9640,Karen_Cushman,female,0.95,48557.0
3495853,Sarah_Ban_Breathnach,female,0.98,174584.0
12584,E_L_Doctorow,male,0.99,16632.0
4049,Janette_Oke,female,0.98,2817.0
62707,Shunryu_Suzuki,,0.0,0.0
12505,Scott_Smith,male,0.99,31815.0
7273667,Nadia_Hashimi,female,0.98,66915.0
7025045,Bill_Dedman,male,0.97,15510.0
5050575,Laura_Schroff,female,0.98,288403.0
3522,Mary_McGarry_Morris,female,0.99,142684.0
374590,Chris_Cleave,male,0.9,156083.0
8330589,Miyamoto_Musashi,male,0.82,74.0
114558,Rory_Freedman,male,0.69,2681.0
7103,Steve_Martin,male,0.99,72719.0
1203,Andy_Warhol,male,0.92,66103.0
3095893,Stephanie_Perkins,female,0.98,68107.0
2884780,Malinda_Lo,female,0.78,208.0
7869,Louis_Ferdinand_C_line,male,0.97,26805.0
794012,Philipp_Meyer,male,1.0,18479.0
35476,Jack_Canfield,male,0.98,63210.0
732829,Yuu_Watase,male,0.63,589.0
5353,Barbara_Taylor_Bradford,female,0.98,94709.0
7022063,Elizabeth_Smart,female,0.99,31288.0
155990,Kanoko_Sakurakouji,female,0.91,23.0
17088554,Talia_Hibbert,female,0.97,1323.0
293603,Heather_Brewer,female,0.98,6049.0
25423,John_Piper,male,0.99,218952.0
486136,J_Courtney_Sullivan,female,0.98,116926.0
16961,Linda_Howard,female,0.98,99198.0
7074846,Tillie_Cole,female,0.74,91.0
3521,Bret_Lott,male,0.96,961.0
10022,Armistead_Maupin,,0.0,0.0
7190965,Meredith_Wild,female,0.96,701.0
89439,Sophie_Jordan,female,0.98,87796.0
939363,Caitlin_Moran,female,0.97,1006.0
4562483,Sylvain_Reynard,male,0.99,37051.0
2007,Daniel_Defoe,male,0.99,317409.0
776,Michael_Lewis,male,0.99,245870.0
6953956,Erika_Johansen,female,0.99,55612.0
6125,Fannie_Flagg,female,0.96,580.0
206062,Steve_Harvey,male,0.99,72719.0
18100,Nobuhiro_Watsuki,male,1.0,256.0
81466,A_A_Milne,male,0.99,39948.0
12712,Rob_Thomas,male,0.98,32016.0
4051426,Madeleine_Roux,female,0.98,7557.0
117369,Naoko_Takeuchi,female,0.98,934.0
68,John_C_Maxwell,male,0.99,218952.0
112477,Marcia_Brown,female,0.98,8043.0
2713,E_L_Konigsburg,female,0.98,8901.0
10652,Marguerite_Henry,female,0.97,2391.0
4586597,R_L_Mathewson,female,0.98,28052.0
7215619,Aurora_Rose_Reynolds,female,0.98,16234.0
9219,Adriana_Trigiani,female,0.99,49650.0
7778742,Kimberly_Belle,female,0.99,17328.0
4907787,Rebecca_Donovan,female,0.98,36835.0
6860574,Gail_McHugh,female,0.94,2752.0
6153502,Marina_Keegan,female,0.98,109549.0
47640,Nancy_Garden,female,0.98,42623.0
17315911,Claire_Morgan,female,0.97,42044.0
1973,Tracy_Chevalier,female,0.92,13353.0
16019981,Ahmed_Khaled_Towfik,male,0.98,139051.0
13288,Hannah_Hurnard,female,0.97,13198.0
6218,Sandra_Brown,female,0.98,266121.0
60390,Susan_Meissner,female,0.98,32184.0
480401,Sarah_Perry,female,0.98,174584.0
140320,Barbara_Robinson,female,0.98,94709.0
5267328,Mark_Edwards,male,0.99,119313.0
2637,Karen_Armstrong,female,0.95,48557.0
1539,Dan_Millman,male,0.95,55986.0
3505,Wally_Lamb,male,0.83,1976.0
3041100,Andrea_Cremer,male,0.62,302977.0
3090,Helen_Fielding,female,0.98,32058.0
14013,David_Cote,male,0.99,501011.0
5918,Elizabeth_Kostova,female,0.99,31288.0
5255014,J_M_Barrie,male,0.99,117309.0
4699102,Unknown,male,0.72,2409.0
142270,Lev_Grossman,male,0.95,1007.0
1954,Natalie_Babbitt,female,0.98,22384.0
1831,Jonathan_Swift,male,0.99,87986.0
28709,Chuck_Dixon,male,0.98,2643.0
5042201,John_Tiffany,male,0.99,218952.0
3346050,Donna_Foley_Mabry,female,0.98,22910.0
48966,Blanche_Fisher_Wright,female,0.97,2346.0
131683,Edward_Eager,male,0.99,22248.0
5131072,Aleatha_Romig,female,1.0,1.0
42775,Y_ko_Ogawa,female,0.83,1962.0
9152,Donald_J_Sobol,male,0.98,12059.0
10122,Thomas_Hobbes,male,0.99,176440.0
8431087,S_K_Tremayne,male,0.99,25765.0
6098,Nicholas_Evans,male,0.99,16755.0
2848,Amy_Sedaris,female,0.97,31233.0
8088,Carlos_Castaneda,male,0.99,236888.0
6535659,Cora_Carmack,female,0.95,3066.0
3400721,Pierre_Boulle,male,0.99,91174.0
588,Neil_Strauss,male,0.99,15028.0
26293,Ross_King,male,0.82,9241.0
1265,Jane_Austen,female,0.97,36653.0
33773,Daniel_H_Wilson,male,0.99,317409.0
4930653,Raine_Miller,female,0.56,256.0
9445,Bob_McCabe,male,0.95,42362.0
2188726,Sarah_Ockler,female,0.98,174584.0
2613,Jaci_Burton,female,0.72,357.0
9204,Philip_Yancey,male,0.99,21882.0
61707,Linda_Sue_Park,female,0.98,99198.0
375626,Lara_Adrian,female,0.98,39309.0
21686,Nigella_Lawson,female,0.81,21.0
2766469,Rachel_Ren_e_Russell,female,0.98,28052.0
48890,Robert_Hughes,male,0.99,177418.0
193,Kevin_Henkes,male,0.99,157365.0
7963,P_G_Wodehouse,male,1.0,13.0
148847,Daisy_Goodwin,female,0.98,10425.0
4029839,Ronald_H_Balson,male,0.99,23684.0
197,Tom_Robbins,male,0.99,126230.0
15197877,Amy_Gentry,female,0.97,31233.0
7151973,Pepper_Winters,male,0.58,345.0
5228869,Georgia_Cates,female,0.98,6130.0
167605,Guillermo_del_Toro,male,0.99,15173.0
5129,Daniel_Clowes,male,0.99,317409.0
46204,Arlene_Mosel,female,0.99,2785.0
147,Henry_Miller,male,0.98,30742.0
40311,Piers_Paul_Read,male,0.96,187.0
3163298,Chevy_Stevens,male,0.83,270.0
438483,Rob_Lowe,male,0.98,32016.0
6941,Peter_Straub,male,0.99,165452.0
34660,Richard_Atwater,male,0.99,101928.0
3526,Jane_Hamilton,female,0.97,36653.0
306401,M_C_Escher,male,0.99,535.0
5434809,Kirsty_Moseley,female,0.97,5071.0
11729,Victoria_Finlay,female,0.98,35658.0
163577,Deborah_Howe,female,0.99,33214.0
11095,Audrey_Penn,female,0.97,54814.0
16266,Kent_Haruf,male,0.98,5262.0
1983563,Emma_Straub,female,0.93,57489.0
9322,Edward_Albee,male,0.99,22248.0
56224,Ally_Carter,female,0.6,3871.0
3515,Ann_Marie_MacDonald,female,0.97,28026.0
6924387,Balli_Kaur_Jaswal,male,0.87,150.0
29527,Charlotte_Perkins_Gilman,female,0.97,37761.0
3061,M_Scott_Peck,male,0.89,15354.0
89552,Munro_Leaf,male,0.96,23.0
7902,Boris_Pasternak,male,0.99,19244.0
7565,William_Styron,male,0.99,64097.0
14635,Robert_McCloskey,male,0.99,177418.0
3670,Jhumpa_Lahiri,female,0.75,4.0
1742,Jack_Kerouac,male,0.98,63210.0
8725,Tomie_dePaola,female,0.57,56.0
8993,O_Henry,male,0.99,64097.0
17932981,Ronald_Holt,male,0.99,23684.0
659,Thomas_J_Stanley,male,0.99,176440.0
39054,Don_Piper,male,0.98,21894.0
2693,Richard_Carlson,male,0.99,101928.0
19005,Jennifer_Crusie,female,0.98,90255.0
6576110,Jodi_Ellen_Malpas,female,0.8,1150.0
695300,Nina_George,female,0.98,80011.0
3032451,Siddhartha_Mukherjee,male,0.97,250.0
75091,Fred_Gipson,male,0.96,73886.0
120341,Esphyr_Slobodkina,,0.0,0.0
38301,Flora_Rheta_Schreiber,female,0.98,12646.0
17595,Adam_Mansbach,male,0.98,116396.0
58851,Hilary_Mantel,female,0.78,2287.0
9002,Peggy_Parish,female,0.97,11432.0
19992417,Chimamanda_Ngozi_Adichie,female,0.86,14.0
13139,Rachel_Cohn,female,0.98,28052.0
12833,Irving_Stone,male,0.98,551.0
10330,Daniel_Quinn,male,0.99,317409.0
1443712,Carrie_Ryan,female,0.97,3181.0
13370,Emily_Giffin,female,0.98,16379.0
7440,Emily_Dickinson,female,0.98,16379.0
6637,Diane_Ackerman,female,0.97,15367.0
138825,Tana_French,female,0.71,2068.0
7578129,Rachel_Hollis,female,0.98,28052.0
2728589,Chris_Kyle,male,0.9,156083.0
33907,Scott_McCloud,male,0.99,31815.0
32168,Catherine_Hardwicke,female,0.98,50312.0
639,Lee_Strobel,male,0.8,38767.0
210456,Timothy_Ferriss,male,0.99,13105.0
12793,Charles_Darwin,male,0.99,49331.0
2622245,Lao_Tzu,male,0.76,408.0
16121977,Tara_Westover,female,0.92,6410.0
5571,Lynne_Truss,female,0.98,2892.0
17575761,John_Carreyrou,male,0.99,218952.0
9996,Richard_Preston,male,0.99,101928.0
96426,Solomon_Northup,male,0.96,5214.0
5283261,Robin_DiAngelo,male,0.93,34003.0
18943,Frederick_Douglass,male,0.99,5190.0
40882,Robert_K_Massie,male,0.99,177418.0
17598726,Matthew_Walker,male,1.0,35521.0
14144506,Sarah_Andersen,female,0.98,174584.0
5882,Stephen_E_Ambrose,male,0.99,36980.0
16759765,Thomas_L_Friedman,male,0.99,176440.0
4992939,Katherine_Boo,female,0.98,8451.0
17099759,Glennon_Doyle,male,0.86,7.0
4842866,Jaycee_Dugard,male,0.68,365.0
160932,Robert_B_Cialdini,male,0.99,177418.0
5877493,Lena_Dunham,female,0.98,42258.0
13599,Kate_Egan,female,0.98,38791.0
2330,Tim_O_Brien,male,0.99,47038.0
761595,Ashlee_Vance,female,0.88,508.0
399,Napoleon_Hill,male,0.97,893.0
600,Robert_T_Kiyosaki,male,0.99,177418.0
278960,Eric_Ries,male,0.99,135071.0
8546,Julie_Powell,female,0.98,116926.0
4396806,Bryan_Stevenson,male,0.99,22678.0
1899,Howard_Zinn,male,0.99,3213.0
6356,Barack_Obama,male,0.96,263.0
42010,Betty_Edwards,female,0.99,31159.0
16819959,Michelle_McNamara,female,0.98,66334.0
2338628,Michelle_Obama,female,0.98,66334.0
29655,Rhonda_Byrne,female,0.98,1133.0
8644,Sylvia_Nasar,female,0.98,22597.0
4493,Eckhart_Tolle,male,0.93,14.0
8529755,Mark_Manson,male,0.99,119313.0
3446736,Todd_Burpo,male,0.99,6598.0
238,Joan_Didion,male,0.69,27362.0
3319233,Phil_Knight,male,0.98,28225.0
4829,Donald_Miller,male,0.98,12059.0
40648,Ellen_DeGeneres,female,0.98,11562.0
11728,James_McBride,male,0.99,117309.0
15149526,Trevor_Noah,male,0.99,6317.0
69641,Jen_Sincero,female,0.79,9260.0
1431785,David_Grann,male,0.99,501011.0
17160706,Adam_Kay,male,0.98,116396.0
28811,Banksy,male,0.95,40.0
12855,Neil_deGrasse_Tyson,male,0.99,15028.0
29919,John_Berger,male,0.99,218952.0
282885,Jordan_B_Peterson,male,0.97,30440.0
13360,William_L_Shirer,male,0.99,64097.0
60619,Jason_Fried,male,0.99,63418.0
5741,Stacy_Schiff,female,0.9,4493.0
3089156,Randall_Munroe,male,0.99,2073.0
9950,Ron_Chernow,male,0.98,15585.0
4402,Miguel_Ruiz,male,0.99,158479.0
2826,James_C_Collins,male,0.99,117309.0
3406353,Justin_Halpern,male,0.98,29577.0
27397,Benjamin_Hoff,male,0.99,62465.0
4112157,Kenneth_H_Blanchard,male,0.98,20666.0
13672918,Amy_Schumer,female,0.97,31233.0
2985039,Austin_Kleon,male,0.98,4612.0
28828,Vincent_Bugliosi,male,0.99,79107.0
8474721,Peter_Thiel,male,0.99,165452.0
201386,Lori_Gottlieb,female,0.86,4757.0
24678,Robin_S_Sharma,male,0.93,34003.0
6456394,Phaidon_Press,male,1.0,3.0
1938,Friedrich_Nietzsche,male,0.98,1473.0
162578,Bren_Brown,female,0.53,636.0
3158574,Simon_Sinek,male,0.98,71276.0
1058,David_Allen,male,0.99,501011.0
1362751,Francis_Chan,male,0.94,38777.0
9802136,Aziz_Ansari,male,0.97,41366.0
7327369,James_Clear,male,0.99,117309.0
1237,Jung_Chang,male,0.67,4193.0
155517,Italo_Calvino,male,0.99,2645.0
10465,Kate_Jacobs,female,0.98,38791.0
5339,Robin_McKinley,male,0.93,34003.0
13608,Phyllis_Reynolds_Naylor,female,0.97,1067.0
67939,Janette_Sebring_Lowrey,female,0.98,2817.0
10673,Eleanor_H_Porter,female,0.98,2356.0
24556,Sara_Gruen,female,0.98,244324.0
34583,Vincent_van_Gogh,male,0.99,79107.0
29182,Patricia_MacLachlan,female,0.98,132232.0
4372391,S_C_Stephens,female,0.98,174584.0
626222,Anita_Diamant,female,0.98,66163.0
155176,Wassily_Kandinsky,male,0.94,17.0
16892,Michael_Shaara,male,0.99,245870.0
670859,Edmond_Rostand,male,0.99,4247.0
1240,Jack_London,male,0.98,63210.0
2313,Louis_de_Berni_res,male,0.97,26805.0
2345,Nicholas_Sparks,male,0.99,16755.0
70993,Michael_Bond,male,0.99,245870.0
43298,Yevgeny_Zamyatin,male,1.0,136.0
10991,Stanis_aw_Lem,male,0.95,268.0
2783820,Oliver_P_tzsch,male,0.99,32776.0
49625,Jennifer_Egan,female,0.98,90255.0
5684,Alex_Garland,male,0.9,411319.0
7995,James_A_Michener,male,0.99,117309.0
8183303,Gilly_Macmillan,female,0.54,579.0
5807106,Iain_M_Banks,male,0.99,2485.0
5193034,Tracey_Garvis_Graves,female,0.96,7299.0
556546,Jane_Harper,female,0.97,36653.0
65483,Richard_H_Thaler,male,0.99,101928.0
22493,Ir_ne_N_mirovsky,male,0.59,374.0
1116816,Dave_Cullen,male,0.99,47377.0
7577278,Adam_Silvera,male,0.98,116396.0
941508,Barbara_O_Neal,female,0.98,94709.0
144405,Bisco_Hatori,male,0.88,50.0
11047,Masashi_Kishimoto,male,0.99,802.0
6464799,Jessica_Knoll,female,0.98,144795.0
16360992,Liv_Constantine,female,0.84,1285.0
7982,Anne_Fadiman,female,0.97,78727.0
13929,Adrian_Nicole_LeBlanc,male,0.99,90344.0
1251403,Dan_Santat,male,0.95,55986.0
48593,Mary_Mapes_Dodge,female,0.99,142684.0
691,Trevanian,male,1.0,2.0
37836,Armstrong_Sperry,male,0.97,362.0
13901,Richard_Scarry,male,0.99,101928.0
7336499,Amber_L_Johnson,female,0.95,5248.0
1129509,Sofi_Oksanen,female,0.91,5387.0
8108373,Mya_Robarts,female,0.96,2096.0
3152466,Kim_Th_y,female,0.56,51609.0
6897717,Aaron_Becker,male,0.99,24633.0
17326,Erskine_Caldwell,male,0.92,26.0
30762,George_Grossmith,male,0.98,65488.0
51229,John_Williams,male,0.99,218952.0
1642,Will_Eisner,male,0.97,15251.0
40651,Steve_Coll,male,0.99,72719.0
13084,Roland_Barthes,male,0.99,30706.0
25,Patricia_A_McKillip,female,0.98,132232.0
6810,Wilson_Rawls,male,0.98,11567.0
21674,Amy_Krouse_Rosenthal,female,0.97,31233.0
7929831,Apuleius,male,1.0,1.0
16203,Rory_Stewart,male,0.69,2681.0
10518,Elizabeth_Moon,female,0.99,31288.0
73337,Norman_Bridwell,male,0.99,7666.0
29101,David_Graeber,male,0.99,501011.0
29611,James_Agee,male,0.99,117309.0
53088,Patrick_McDonnell,male,0.99,153288.0
39326,Heinrich_B_ll,male,0.98,2100.0
15543,Alan_Hollinghurst,male,0.99,39948.0
2870641,Alex_Ross,male,0.9,411319.0
1186320,Amanda_Ripley,female,0.98,49026.0
5589950,Boethius,male,1.0,1.0
483588,Mariko_Tamaki,female,0.9,1086.0
39021,Chip_Heath,male,0.87,463.0
3533,Ernest_J_Gaines,male,0.98,9066.0
43698,Colin_Dexter,male,0.98,13002.0
17285,Jane_Jacobs,female,0.97,36653.0
30845,Thomas_Frank,male,0.99,176440.0
11121,Jerzy_Kosi_ski,male,0.99,7948.0
14920,John_Rocco,male,0.99,218952.0
1886,Douglas_Coupland,male,0.99,9529.0
44694,Harry_Mulisch,male,0.98,24264.0
4025591,Saladin_Ahmed,male,0.97,385.0
4448625,Stephen_Kelman,male,0.99,36980.0
86883,Jeanne_Wakatsuki_Houston,female,0.97,11311.0
1956402,Daniel_Suarez,male,0.99,317409.0
35245,Carmen_Laforet,female,0.98,103801.0
7184104,Jaymin_Eve,male,1.0,48.0
116504,Laura_Amy_Schlitz,female,0.98,288403.0
6781,Julie_Andrews_Edwards,female,0.98,116926.0
5231,Judith_Butler,female,0.98,19741.0
427613,Melissa_Sweet,female,0.99,63975.0
1487748,Courtney_Summers,female,0.79,1805.0
171132,Peter_J_Tomasi,male,0.99,165452.0
273399,Kate_Constable,female,0.98,38791.0
73432,Donald_Hall,male,0.98,12059.0
21150668,Joseph_Fink,male,0.99,60259.0
8105,Kate_Douglas_Wiggin,female,0.98,38791.0
6468,Denis_Johnson,male,0.96,57303.0
3520,Sheri_Reynolds,female,0.83,849.0
2357,Kerrelyn_Sparks,,0.0,0.0
4805272,Laura_Kaye,female,0.98,288403.0
2881050,Ai_Yazawa,female,0.79,2366.0
6441917,Leslye_Walton,female,0.92,153.0
26897,Anne_Bishop,female,0.97,78727.0
269069,Michelle_Moran,female,0.98,66334.0
29333,Dietrich_Bonhoeffer,male,0.91,440.0
46097,Richard_Paul_Evans,male,0.99,101928.0
5599,Dorothy_Allison,female,0.99,11523.0
410418,Susane_Colasanti,female,0.98,330.0
2950702,Cathy_Marie_Buchanan,female,0.98,28369.0
7445352,Kim_Holden,female,0.56,51609.0
10020,Lorna_Landvik,female,0.98,3298.0
386042,Heather_Dixon_Wallwork,female,0.98,6049.0
5768611,Amy_Tintera,female,0.97,31233.0
607284,Jeffery_Hudson,male,0.99,2273.0
27372,Kazu_Kibuishi,male,0.92,749.0
27405,Brennan_Manning,male,0.97,224.0
350,Patricia_Schultz,female,0.98,132232.0
3927056,Helen_Gardner,female,0.98,32058.0
878601,Gabrielle_Hamilton,female,0.95,4965.0
2646,Rachael_Ray,female,0.97,3161.0
95600,Mary_O_Hara,female,0.99,142684.0
19316,Peter_Mayle,male,0.99,165452.0
53574,Elizabeth_Chandler,female,0.99,31288.0
117775,William_H_Armstrong,male,0.99,64097.0
21025,Henry_T_Blackaby,male,0.98,30742.0
3095919,Kody_Keplinger,male,0.92,215.0
14929824,Hannah_Green,female,0.97,13198.0
4575371,Katie_McGarry,female,0.98,10320.0
4562105,Susan_Jeffers,female,0.98,32184.0
6589173,Kitty_French,female,0.97,8022.0
4921525,Denise_Grover_Swank,female,0.98,34047.0
99650,Wendy_Mass,female,0.97,25729.0
215502,Leigh_Nichols,male,0.5,2515.0
6343,Milan_Kundera,male,0.99,40661.0
61788,Marc_Levy,male,0.99,116213.0
1201952,_,,0.0,0.0
363405,Elizabeth_Scott,female,0.99,31288.0
72120,Arthur_Ransome,male,0.99,20587.0
13975392,Sharon_Guskin,female,0.98,33532.0
164187,Jennifer_Lynn_Barnes,female,0.98,90255.0
375,Chuck_Klosterman,male,0.98,2643.0
6452845,Alessandra_Torre,female,0.99,47882.0
8178,Carl_Hiaasen,male,0.98,17561.0
1109606,_,,0.0,0.0
86085,Blue_Balliett,male,0.65,6756.0
6544265,Natasha_Anders,female,0.98,17678.0
3172535,Tom_Angleberger,male,0.99,126230.0
51535,Edward_Bloor,male,0.99,22248.0
15455603,Margaret_Rogerson,female,0.99,17172.0
7579036,Becky_Albertalli,female,0.97,6413.0
6947727,Sara_Raasch,female,0.98,244324.0
6922565,Suzanne_Redfearn,female,0.98,9856.0
7032112,Robert_Kolker,male,0.99,177418.0
17323560,Julie_Clark,female,0.98,116926.0
74538,Louise_L_Hay,female,0.97,23447.0
49,Johanna_Spyri,female,0.97,25767.0
64280,Ludwig_Bemelmans,male,0.99,2983.0
104728,William_Peter_Blatty,male,0.99,64097.0
2894,Bernhard_Schlink,male,1.0,4969.0
5132,Kate_Chopin,female,0.98,38791.0
393731,Cynthia_D_Aprix_Sweeney,female,0.99,31660.0
3080,Judith_Viorst,female,0.98,19741.0
3496,John_Knowles,male,0.99,218952.0
1838,Geoffrey_Chaucer,male,0.99,14049.0
957894,Albert_Camus,male,0.98,41504.0
1612,Jeffery_Deaver,male,0.99,2273.0
1433597,Samuel_Beckett,male,0.99,59464.0
810254,Aravind_Adiga,male,0.99,411.0
1873,David_Guterson,male,0.99,501011.0
13661,Victor_Hugo,male,0.99,94927.0
18907,Gregory_David_Roberts,male,0.99,25701.0
45922,Lionel_Shriver,male,0.99,23008.0
10074,Ellen_Raskin,female,0.98,11562.0
66216,Robert_M_Edsel,male,0.99,177418.0
18163138,Julia_Phillips,female,0.97,106666.0
875661,Rumi,female,0.7,499.0
157779,Wallace_Stegner,male,0.98,1467.0
40820,Timothy_Egan,male,0.99,13105.0
110255,Marjorie_Flack,female,0.98,11719.0
168076,Kamila_Shamsie,female,0.98,36766.0
26874,William_Steig,male,0.99,64097.0
6561846,Drew_Daywalt,male,0.95,3330.0
1288026,Pierre_Choderlos_de_Laclos,male,0.99,91174.0
569,Khaled_Hosseini,male,0.98,37302.0
36332,John_Wyndham,male,0.99,218952.0
48465,Keith_Ferrazzi,male,0.98,14549.0
901,Herodotus,male,1.0,2.0
26011,Raymond_Khoury,male,0.99,21679.0
7113,Anne_Lamott,female,0.97,78727.0
262086,Lauren_Barnholdt,female,0.9,8924.0
425914,Shauna_Niequist,female,0.98,986.0
4369397,Harriet_Ann_Jacobs,female,0.97,1587.0
5817,Rodman_Philbrick,male,0.99,156.0
140329,Thomas_Rockwell,male,0.99,176440.0
237097,Eugene_Bradley_Coco,male,0.95,8915.0
3309113,Alexander_Osterwalder,male,0.99,66065.0
5725556,Lin_Manuel_Miranda,female,0.63,6642.0
28345,Vikram_Seth,male,0.99,1729.0
28707,Sue_Townsend,female,0.97,12000.0
4464,Julie_Otsuka,female,0.98,116926.0
18317,Knut_Hamsun,male,0.98,1602.0
12479,Timothy_Zahn,male,0.99,13105.0
13093,Muriel_Spark,female,0.98,14732.0
7012565,Lang_Leav,male,0.76,518.0
1792350,Anna_Carey,female,0.98,383713.0
228089,Honor_de_Balzac,male,0.91,801.0
328012,Mitchell_Zuckoff,male,0.96,3000.0
127875,Thrity_Umrigar,female,1.0,1.0
7314532,Sally_Green,female,0.95,12510.0
792,Giada_De_Laurentiis,female,0.99,26938.0
113936,Meg_Wolitzer,female,0.93,3088.0
44061,Thornton_Wilder,male,0.89,19.0
24818,Frank_Beddor,male,0.99,82391.0
26181,Peggy_Rathmann,female,0.97,11432.0
90864,Richard_Connell,male,0.99,101928.0
1145220,J_I_Packer,male,0.99,117309.0
4062698,Olivia_Cunning,female,0.97,22095.0
7728,Doris_Lessing,female,0.96,13787.0
32504,Dorothy_Kunhardt,female,0.99,11523.0
104027,Joseph_Kesselring,male,0.99,60259.0
32401,Alison_Croggon,female,0.98,25555.0
15890,Trudi_Canavan,female,0.91,446.0
296961,Paul_Auster,male,0.99,148099.0
5790,Niall_Ferguson,male,0.99,1310.0
6603,Trina_Schart_Hyman,female,0.97,805.0
7816,Fernando_Pessoa,male,0.99,88476.0
3118934,Jon_Klassen,male,0.98,29554.0
1186184,Paul_Tough,male,0.99,148099.0
119755,Michelle_Paver,female,0.98,66334.0
5767141,Cristin_Terrill,female,0.74,801.0
4902018,Philip_C_Stead,male,0.99,21882.0
32804,Leo_Lionni,male,0.94,52253.0
14469474,Amanda_Bouchet,female,0.98,49026.0
18078,Ina_May_Gaskin,female,0.97,12215.0
5107618,Charles_M_Sheldon,male,0.99,49331.0
13607545,Sadegh_Hedayat,male,0.99,495.0
48067,Kerry_Greenwood,female,0.8,6450.0
6422281,Tara_Sivec,female,0.92,6410.0
34850,Diana_L_Paxson,female,0.98,89820.0
1853305,Mary_Wollstonecraft,female,0.99,142684.0
70868,Jerry_Pinkney,male,0.97,19532.0
22393,Naomi_Wolf,female,0.98,10562.0
45896,Mary_Elizabeth_Braddon,female,0.99,142684.0
4771489,S_ndor_M_rai,male,1.0,1.0
2906892,Courtney_Milan,female,0.79,1805.0
4731222,Ilya_Ilf,male,0.97,4381.0
16061597,Natsume_S_seki,female,0.63,19.0
3297510,Lacey_Weatherford,female,0.95,440.0
128447,Thomas_Tryon,male,0.99,176440.0
1209,Ford_Madox_Ford,male,0.93,497.0
9833,Iain_Pears,male,0.99,2485.0
104017,David_Small,male,0.99,501011.0
24655,Sharon_Kay_Penman,female,0.98,33532.0
465,Alexis_de_Tocqueville,male,0.91,36192.0
107170,Jo_Walton,male,0.79,32768.0
3093309,William_P_ne_du_Bois,male,0.99,64097.0
19928,Gary_Larson,male,0.99,29381.0
3151,Matt_Ridley,male,0.99,38275.0
58990,Carol_Tavris,female,0.97,33721.0
4953,Philippa_Pearce,female,0.97,439.0
339632,Herv_Tullet,male,0.99,13062.0
1055,Larry_McMurtry,male,0.97,11821.0
151324,Joe_McGinniss,male,0.95,58829.0
5051196,Wanda_G_g,female,0.95,5056.0
762,Roger_Lowenstein,male,0.98,38190.0
191774,Deborah_Guarino,female,0.99,33214.0
420967,Pascal_Mercier,male,0.99,84147.0
60177,Guy_Gavriel_Kay,male,0.98,26733.0
3445,Myla_Goldberg,female,0.99,552.0
216539,Frank_De_Felitta,male,0.99,82391.0
1245772,Herman_Koch,male,0.98,6853.0
1435,Graeme_Base,male,0.99,2375.0
23613,Emma_Donoghue,female,0.93,57489.0
143691,Ilsa_J_Bick,female,0.95,179.0
4445700,Mike_Mullin,male,0.99,109844.0
88922,Kenneth_Oppel,male,0.98,20666.0
36812,Claire_Huchet_Bishop,female,0.97,42044.0
6872165,J_C_Reed,female,0.98,144795.0
33952,Rachel_Gibson,female,0.98,28052.0
7285,Ken_Kesey,male,0.98,20992.0
3619,Roger_Zelazny,male,0.98,38190.0
5815562,Susan_Abulhawa,female,0.98,32184.0
38391,James_Surowiecki,male,0.99,117309.0
188760,Tetsuko_Kuroyanagi,female,0.83,6.0
55547,Jack_Campbell,male,0.98,63210.0
16272,Michel_Faber,male,0.97,93795.0
11271,Monica_Ali,female,0.99,81357.0
10209,Belva_Plain,male,0.61,94.0
11761,Diane_Duane,female,0.97,15367.0
4692856,Kristen_Simmons,female,0.85,1525.0
3456441,Julie_Maroh,female,0.98,116926.0
32131,Steven_Levy,male,0.99,61542.0
5737121,Kurtis_J_Wiebe,male,0.98,592.0
14079,Jay_McInerney,male,0.91,36724.0
3277,Dava_Sobel,male,0.8,153.0
46158,Marjorie_Kinnan_Rawlings,female,0.98,11719.0
32594,Jeph_Loeb,male,0.99,84.0
41814,Marina_Lewycka,female,0.98,109549.0
9685,Chris_Van_Allsburg,male,0.9,156083.0
191976,Barbara_Cooney,female,0.98,94709.0
4399,Eileen_Christelow,female,0.98,5011.0
16461,David_Wiesner,male,0.99,501011.0
3220024,Courtney_Allison_Moulton,female,0.79,1805.0
6553058,L_A_Fiore,female,0.98,11127.0
227026,Hans_Fallada,male,0.97,37182.0
500,Jorge_Luis_Borges,male,0.99,118451.0
1169791,Elissa_Wall,female,0.97,1258.0
1980985,Lauren_Conrad,female,0.9,8924.0
51162,Lolly_Winston,female,0.89,1884.0
22506,Rachel_Simon,female,0.98,28052.0
5244478,Robert_R_McCammon,male,0.99,177418.0
18084149,Ben_Mikaelsen,male,0.95,77991.0
1977411,Avery_Monsen,male,0.67,263.0
182823,Dominic_Smith,male,0.98,9906.0
18,Gary_Paulsen,male,0.99,29381.0
18313,Jim_Starlin,male,0.98,26900.0
23897,Harold_G_Moore,male,0.99,5937.0
5238854,Teri_Terry,female,0.88,1345.0
11091,Lincoln_Child,male,0.99,998.0
2883386,David_Eagleman,male,0.99,501011.0
48969,Vera_B_Williams,female,0.98,34036.0
165519,Dee_Henderson,female,0.56,7611.0
1136158,Larry_Correia,male,0.97,11821.0
25189,Natalie_Goldberg,female,0.98,22384.0
18206,Thor_Heyerdahl,male,0.98,2111.0
12350,Sherwood_Smith,male,0.89,55.0
3948574,Anna_Wiener,female,0.98,383713.0
4573275,A_C_Gaughen,female,0.97,78727.0
12075,Joan_Aiken,male,0.69,27362.0
86265,Jean_Ferris,male,0.95,196185.0
6577,Gene_Zion,male,0.63,2886.0
4107314,Kazue_Kato,female,0.96,181.0
4788791,Jean_de_Brunhoff,male,0.95,196185.0
16070,Alexander_Pushkin,male,0.99,66065.0
4370,Elizabeth_Wurtzel,female,0.99,31288.0
11155,Christopher_Marlowe,male,0.99,53539.0
5752359,Chelsea_M_Cameron,female,0.89,3001.0
342135,Katherine_Howe,female,0.98,8451.0
973,Euripides,male,0.96,26.0
432859,Jennifer_Brown,female,0.98,90255.0
6878,John_Updike,male,0.99,218952.0
133995,Laura_Moriarty,female,0.98,288403.0
5363,Mark_Waid,male,0.99,119313.0
5856,Tucker_Max,male,0.97,182.0
66622,Alexandra_Ripley,female,0.98,122985.0
134408,Peter_Heller,male,0.99,165452.0
81619,Daniel_J_Levitin,male,0.99,317409.0
7046622,Eben_Alexander,male,0.92,863.0
1782206,Krishna_Dwaipayana_Vyasa,male,0.89,2891.0
20730,Don_Freeman,male,0.98,21894.0
12146,Kathryn_Hughes,female,0.98,2307.0
7176,Daniel_Handler,male,0.99,317409.0
5295120,Morgan_Rhodes,male,0.89,15354.0
69521,Stephen_Kendrick,male,0.99,36980.0
50568,Robyn_Schneider,female,0.82,1756.0
12948,Rumiko_Takahashi,female,1.0,61.0
19753,Og_Mandino,male,0.85,301.0
49229,David_Ebershoff,male,0.99,501011.0
527872,Jennifer_Worth,female,0.98,90255.0
53350,Howard_Pyle,male,0.99,3213.0
11593,Beatrix_Potter,female,0.99,4512.0
1847,Mark_Kurlansky,male,0.99,119313.0
44565,Candice_Millard,female,0.97,4094.0
3736,Robert_Penn_Warren,male,0.99,177418.0
29184,Nancy_E_Turner,female,0.98,42623.0
44605,Donna_Woolfolk_Cross,female,0.98,22910.0
1448,Karen_Joy_Fowler,female,0.95,48557.0
1588088,Maria_Semple,female,0.98,334287.0
14196420,Imbolo_Mbue,female,1.0,1.0
13705,George_Selden,male,0.98,65488.0
15376492,Nathan_Hill,male,0.99,20181.0
22665,Diane_Setterfield,female,0.97,15367.0
6583,Alison_Weir,female,0.98,25555.0
15328,John_Hersey,male,0.99,218952.0
1339,Jane_Smiley,female,0.97,36653.0
16549,Elizabeth_Peters,female,0.99,31288.0
5830526,Samantha_Shannon,female,0.98,31152.0
8258,Martin_Cruz_Smith,male,0.98,180687.0
3012988,Robert_Graves,male,0.99,177418.0
3093075,Edwin_A_Abbott,male,0.99,17259.0
1127,Ovid,male,1.0,23.0
10917,Stephen_Fry,male,0.99,36980.0
16002992,S_A_Chakraborty,female,0.78,5669.0
945430,Kelly_Barnhill,female,0.87,40778.0
13499819,Katharine_McGee,female,0.96,340.0
117786,Lily_King,female,0.98,16513.0
4425884,Rumaan_Alam,male,0.67,3.0
4175512,Amal_El_Mohtar,female,0.95,16615.0
295178,Gayle_Forman,female,0.93,623.0
39272,Jenny_Colgan,female,0.98,74278.0
486812,Susanna_Kearsley,female,0.97,9791.0
5254219,Claire_McGowan,female,0.97,42044.0
